5.0	1.7967691291838443
5.0095005	1.985433001608535
5.01900196	0.5939885826420159
5.02850294	2.051841962575649
5.03800344	5.442027508617961
5.0475049	0.615725062076355
5.05700541	0.8576074433101066
5.06650686	0.31767205681585153
5.07600737	1.0104271298425358
5.08550835	0.46914309227628515
5.09500933	5.654649573503301
5.10451031	5.630770857439477
5.11401129	3.1365087199098163
5.12351227	1.4112980384049099
5.13301325	7.32578727249846
5.14251423	4.758894787219088
5.15201521	1.7979383055632443
5.16151619	4.791316030423381
5.17101717	4.258564870794969
5.18051815	0.4931825172123965
5.19001865	1.0976208694875762
5.19952011	3.25973236221913
5.20902061	2.8380615397790363
5.2185216	6.140806657545949
5.22802258	4.457035459484412
5.23752356	5.276194477852293
5.24702501	1.4782834552343749
5.25652552	5.594890021221182
5.2660265	5.312286634421624
5.27552748	3.9317939937701185
5.28502846	7.424345893935593
5.29452896	6.420052362705575
5.30403042	4.932622394341196
5.3135314	6.631338621039398
5.3230319	6.276673359268656
5.33253336	3.9976573604239887
5.34203386	4.019782114625494
5.35153532	4.79969169344577
5.36103582	0.002645217087968277
5.3705368	6.590451016066696
5.38003826	2.6875570931000903
5.38953876	0.8783764865444033
5.39903975	5.483915271510718
5.40854073	7.176994350351272
5.41804171	0.04064520409168004
5.42754221	2.734174479761376
5.43704367	3.6941725457815435
5.44654465	4.703516359271645
5.45604563	5.583783657456087
5.46554661	3.8115554040530037
5.47504711	7.648186472615259
5.48454857	5.29353799210052
5.49404907	4.053828083474679
5.50355053	1.8731237703074237
5.51305151	3.02920059989801
5.52255201	5.5789583096679465
5.53205299	6.420067218407934
5.54155397	2.073272739757515
5.55105495	1.6102452406368357
5.56055593	2.039576243776562
5.57005692	7.856343064374912
5.5795579	0.89153250601629
5.58905888	4.376474599109398
5.59855986	7.2903238506228645
5.60806084	2.3215260519976795
5.61756182	7.1518324284182775
5.62706232	3.762852180483815
5.63656378	1.1113977849029562
5.64606476	2.5815813997403163
5.65556526	3.1871995543841107
5.66506672	1.631512743473686
5.67456722	4.587506920332067
5.6840682	6.706145942161563
5.69356918	5.933993026949923
5.70307016	4.954178705751186
5.71257114	3.3821524186409615
5.72207212	3.4766018047642637
5.7315731	7.252676900293998
5.74107409	5.419789430786234
5.75057507	4.487493397394426
5.76007557	6.713841617854906
5.76957703	6.693725592612454
5.77907753	2.14239926388772
5.78857851	7.83246255399827
5.79807997	4.781051626252733
5.80758047	7.947176864068805
5.81708193	6.424031871197057
5.82658243	7.19036890434336
5.83608341	6.726465065922414
5.84558439	6.478577925466888
5.85508537	7.84614477057645
5.86458635	6.964862119532249
5.87408733	7.86239246040799
5.88358831	1.140266758612115
5.89308882	0.31322759659399324
5.90259027	6.621881752246831
5.91209078	5.690693137341178
5.92159224	5.418231463118347
5.93109322	5.7918467927682995
5.94059372	5.349354841306889
5.95009518	4.950351927099302
5.95959568	2.1201195155437675
5.96909714	3.250809810913707
5.97859764	7.256959706699531
5.98809862	6.5015376610962505
5.9975996	6.759690509679423
6.00710058	7.149242117031103
6.01660156	6.954198683918799
6.02610254	1.7697626671862903
6.03560352	7.620670517868076
6.04510403	3.033085366308816
6.05460548	5.867488031917403
6.06410646	3.9747553430660547
6.07360744	6.733160958392685
6.08310843	2.0835296306550415
6.09260893	0.3951436142977105
6.10210991	6.798488466689096
6.11161089	1.7015139411860698
6.12111187	7.695975466971922
6.13061333	2.5458616319739296
6.14011383	3.607049064228809
6.14961481	0.4536933709873976
6.15911579	1.7644142041450843
6.16861677	4.432576001103206
6.17811775	1.639065864003439
6.18761873	2.1483481202188974
6.19711971	0.26990085106938455
6.20662069	2.8221125886029723
6.21612167	2.747676889351993
6.22562218	3.8670354786173453
6.23512363	0.8485880319324117
6.24462414	7.309998108072765
6.25412512	7.550108936929224
6.2636261	1.6705777120090959
6.27312708	0.6291541521898774
6.28262854	5.4245546650548295
6.29212904	4.337858418440742
6.30163002	7.579682209898153
6.311131	0.26195871548359495
6.32063198	2.2660711410941685
6.33013296	2.3023545089453066
6.33963394	5.725212762193382
6.34913492	4.389513113129956
6.35863543	7.303409855391662
6.36813688	6.22899916881015
6.37763739	7.6420632022870025
6.38713884	1.296484098072347
6.39663935	4.570502070825299
6.40614033	4.804096087133863
6.41564178	3.299958180834719
6.42514229	6.395565564560584
6.43464375	6.428662977901202
6.44414425	0.5688049393271921
6.45364523	7.832761471910743
6.46314621	1.5062603130650487
6.47264719	4.814809884400563
6.48214817	2.5527204902533676
6.49164915	3.056546629243046
6.50115013	5.481006887488365
6.51065063	0.3977363883688634
6.52015209	2.3605752151019637
6.5296526	0.8715134155932045
6.53915405	4.442830879102179
6.54865503	3.173927616369909
6.55815554	7.662986781767327
6.56765652	2.2005571729452846
6.5771575	6.8574493735866815
6.58665848	1.6998084173644026
6.59615946	5.176188608394689
6.60566044	0.6296238424948521
6.61516142	2.821650585283729
6.6246624	3.661846342851031
6.63416338	2.5012350146023987
6.64366436	3.6201947009768602
6.65316534	3.8229228967560305
6.66266584	1.4330073485512962
6.67216682	5.555532534276722
6.68166828	5.209554309490598
6.69116879	1.8715952633021864
6.70067024	4.427872812201316
6.71017075	0.8141656476174948
6.71967173	2.970366118234283
6.72917271	0.5898708151814542
6.73867369	3.1024151858830153
6.74817467	5.143507711203584
6.75767565	0.43930618313752223
6.76717663	6.758246396712908
6.77667761	5.367769480856725
6.78617859	2.3631478611209094
6.79567957	0.4716502684396744
6.80518055	0.7715145119027227
6.81468153	2.431529365119954
6.82418203	0.6651360180991359
6.83368349	6.090855042865418
6.84318399	2.344693045289503
6.85268545	7.028659546996694
6.86218596	0.774473361911654
6.87168694	7.561550776291615
6.88118792	0.2616966366140723
6.8906889	0.6828844483749252
6.90019035	5.481236943092525
6.90969086	5.676480798239718
6.91919184	0.30643691141143226
6.92869234	7.791081606324576
6.9381938	2.6361636581600925
6.94769478	5.470190620433145
6.95719576	1.6297537981254049
6.96669674	3.155691940965788
6.97619724	5.720948971305767
6.98569822	5.19797724700588
6.9951992	1.404463026810192
7.00470066	0.7331464710354165
7.01420116	5.2503553566372725
7.02370214	4.349059929087047
7.03320312	7.857234514882737
7.04270411	6.18869937582723
7.05220556	6.876162681621397
7.06170607	2.744738422415801
7.07120705	6.846392408464263
7.08070755	0.25024625729071115
7.09020901	4.90697452117726
7.09970999	2.530068270087833
7.10921097	0.5843838491742597
7.11871195	6.624717651514283
7.12821245	5.718536093393188
7.13771343	6.410100756018017
7.14721441	4.600101465285887
7.15671587	5.218333755242495
7.16621685	7.2272547583485505
7.17571735	3.6784691683350017
7.18521833	3.950972041878532
7.19471979	7.505694516135527
7.20422077	2.281038986006185
7.21372128	7.429606067994796
7.22322226	4.453171019853825
7.23272324	5.374128667454493
7.24222374	1.0788362147188852
7.25172472	6.891028774608482
7.26122618	4.181144658316486
7.27072716	3.5946880399979175
7.28022766	7.14120266983951
7.28972864	5.877411460545892
7.2992301	6.833015600115327
7.30873108	5.968258908970667
7.31823206	5.219010113753461
7.32773256	7.317700521267018
7.33723354	6.925463187160916
7.34673405	4.6577578668571755
7.35623503	6.795549107576215
7.36573648	1.91233917330955
7.37523746	1.1275056890758615
7.38473845	4.9660104128516815
7.39423895	1.5707609040600445
7.40374088	0.4378610763716324
7.41324139	6.714890422408935
7.42274237	5.694036894913877
7.43224335	2.863204106978081
7.44174385	0.22344574376133508
7.45124483	0.9073982038662072
7.46074533	4.720283526530081
7.47024727	2.591268941192439
7.47974777	6.900327041954646
7.48924875	7.950497488562541
7.49874973	6.802603127792025
7.50825119	1.8219070492012541
7.51775217	4.273146983204992
7.52725267	6.537956226650891
7.53675365	5.218298843362677
7.54625416	4.2982210976426
7.55575514	6.292515903747811
7.56525612	1.077376704908632
7.57475758	0.29762293515524885
7.58425856	5.43956458426108
7.59375906	5.06157076298569
7.60326004	0.28721433610635305
7.6127615	0.39875897326776233
7.62226248	0.9791762575869605
7.63176298	5.712497193611443
7.64126396	2.782450718096584
7.65076494	7.7228650634886185
7.66026545	7.568216633743633
7.66976643	2.8993922116404347
7.67926788	5.481502156881022
7.68876886	5.121541291831389
7.69826937	0.017770094177372187
7.70777035	5.3326997730736805
7.7172718	6.7999510766591955
7.72677279	0.22888689679935936
7.73627377	4.779916877400669
7.74577427	0.6319627051643772
7.75527525	6.447440248149157
7.76477623	5.095887773053975
7.77427673	7.412060197939414
7.78377867	4.351167371969775
7.79327917	4.519799100060078
7.80278015	6.0354079997487835
7.81228065	2.143228283061738
7.82178259	7.3255290228098096
7.83128309	6.499418410072317
7.84078407	3.6162958166355557
7.85028505	3.7864808175760976
7.85978556	3.3164183923860806
7.86928654	7.451903711335677
7.87878799	6.968332216573959
7.88828897	1.0286484315686355
7.89778948	1.7832426553737788
7.90729046	3.4837686705096775
7.91679144	3.7448650484877684
7.9262929	6.742749300547445
7.93579388	6.971718807978092
7.94529438	3.2001601334619387
7.95479536	1.1010233614377318
7.96429586	5.718462891404543
7.97379684	1.4546017242177838
7.9832983	1.3806509759370842
7.99279928	5.390318050000767
8.00230026	4.7523735200329025
8.01180077	3.7456456690513367
8.02130222	4.586248025548392
8.03080368	0.6571807101207794
8.04030418	6.84626974981656
8.04980469	7.482322410959261
8.05930614	3.3821791742312612
8.06880665	6.400891828388292
8.07830715	6.838166976770511
8.08780861	5.860238542313759
8.09731007	7.0472114514753015
8.10681057	1.1240404764432954
8.11631107	4.5260386333788
8.12581253	6.373867931843134
8.13531399	2.8481113550702135
8.14481449	3.3501513062354853
8.15431499	0.7389028878115962
8.16381645	6.392484569057491
8.17331696	4.717115693109347
8.18281746	7.648351015805798
8.19231892	4.4872683942843965
8.20182037	0.043821279988035755
8.21132088	3.91269681127961
8.22082138	1.0193621868312812
8.23032379	4.515907466500739
8.2398243	4.558046280272117
8.2493248	7.7596004063841
8.25882626	1.763716348723312
8.26832676	4.765954759983044
8.27782726	0.5584524448211283
8.28732777	1.7482347015318815
8.29683018	7.69937063917169
8.30633068	7.703456611597237
8.31583118	0.3959086697335854
8.32533264	3.5196158543737734
8.3348341	6.704749690448994
8.3443346	3.7020743065974315
8.35383511	0.14442627932987406
8.36333656	0.8142477146281664
8.37283707	4.23634599263996
8.38233757	3.3191394058968653
8.39183903	5.711781499062035
8.40134048	2.2409663654210332
8.41084099	5.056007344680213
8.42034149	1.1830576207512076
8.42984295	2.1394846376905683
8.43934441	6.581263911471267
8.44884491	0.3432207236394813
8.45834541	0.9651124381539073
8.46784687	6.350937299483074
8.47734737	2.5970625541258237
8.48684788	2.1041473204729373
8.49634933	5.700559451240534
8.50585079	0.8142264955971541
8.5153513	6.714394546943535
8.5248518	4.106224529243876
8.53435326	4.64175756160317
8.54385471	1.461829441466847
8.55335522	2.408211823599169
8.56285667	6.4330768653927635
8.57235718	2.359264519369477
8.58185768	4.702448986894881
8.59135914	1.9344308083918103
8.60085964	7.888357544348686
8.6103611	1.6102716226766676
8.6198616	2.4210996178930912
8.62936306	7.800552849642194
8.63886452	8.019389712505717
8.64836502	2.231283082732382
8.65786552	7.090050802084995
8.66736698	1.6128141458751675
8.67686749	6.609212672864289
8.68636799	4.528511987433336
8.69586945	2.8509561927388223
8.70536995	6.565055203107225
8.71487141	7.1305031312211336
8.72437191	3.3299616163845758
8.73387337	4.1685599525298365
8.74337482	1.4841497192238753
8.75287533	7.55752585559727
8.76237679	1.1941584904720928
8.77187729	4.460152790376001
8.78137779	6.0064106841136855
8.7908783	4.802336461862209
8.80037975	3.3767249272997373
8.80988026	3.531461098284178
8.81938171	0.8451242574415405
8.82888317	8.033431525660731
8.83838367	5.263943850403874
8.84788513	6.644242909932672
8.85738564	4.579416308518724
8.86688709	6.488932404573996
8.8763876	0.4430021261607928
8.8858881	7.356281247313668
8.89538956	7.536116841704738
8.90489006	6.5726775882424615
8.91439056	3.3911371935080368
8.92389202	2.4739450329623316
8.93339348	7.502257471872221
8.94289398	2.4450127318163775
8.95239544	7.682574633038336
8.9618969	6.8156440125921565
8.9713974	0.9534422653085444
8.9808979	0.24218215392222914
8.99039841	4.107353118980013
8.99989986	7.734495156353252
9.00940037	4.830864176290253
9.01890087	7.738456993475164
9.02840328	1.7976940601328186
9.03790379	2.5979893046312954
9.04740429	3.3009146796722497
9.05690575	1.2512631242017864
9.0664072	1.166779015031318
9.07590771	1.3244325440813407
9.08540821	2.095877271478171
9.09490967	1.61255538496718
9.10441017	7.421912066983635
9.11391068	7.26988424069021
9.12341118	2.6404954551735234
9.13291359	4.069515145734349
9.14241409	7.166346522236926
9.1519146	2.8418863868973254
9.16141605	3.0235734811137522
9.17091751	1.1806377294926325
9.18041801	5.09984177149707
9.18991852	4.959549372556273
9.19941998	7.588370493493323
9.20892048	1.3352916562977553
9.21842098	7.785611638955697
9.22792244	0.7376938430850654
9.2374239	2.328183050000037
9.2469244	7.492662729993065
9.2564249	0.26935465049267304
9.26592731	2.8155781684006262
9.27542782	0.3811197316032403
9.28492832	7.0954193194635415
9.29442978	1.0596859370062024
9.30393028	3.866903835862447
9.31343079	5.59150092821092
9.32293129	0.31628750589154125
9.33243275	0.6280474409362412
9.3419342	3.383365233412195
9.35143471	3.0354405818352967
9.36093616	1.4386089613737836
9.37043762	7.117399246964554
9.37993813	5.840551471656718
9.38943863	4.869324859613113
9.39894009	3.3675649426762693
9.40844059	2.9712011028656797
9.41794109	6.5544112259605445
9.42744255	5.22839154384092
9.43694305	4.274050404811851
9.44644451	7.325728804498632
9.45594501	6.62207854740481
9.46544743	0.41877462934869036
9.47494793	3.0889148617472064
9.48444843	8.031655255224699
9.49394894	3.2343983113686106
9.50345039	5.297908727089153
9.5129509	2.347139468537102
9.5224514	5.403115076763665
9.53195286	1.2853880113189478
9.54145432	5.120191481179842
9.55095482	6.183187202160116
9.56045628	1.5900286254479066
9.56995773	4.488264273640811
9.57945824	5.026631113949022
9.58895874	6.677662935071609
9.5984602	1.9994133789476043
9.6079607	5.282628016611104
9.6174612	1.2808875246178049
9.62696266	3.3181237219299984
9.63646317	4.0976158018986
9.64596462	7.309670582194318
9.65546513	3.010602064908861
9.66496658	0.45575471077179297
9.67446804	2.9845013557750266
9.68396854	0.5761269537192537
9.69346905	6.3159854815393475
9.7029705	4.677086202070664
9.71247101	7.749623900174007
9.72197151	7.346856727369894
9.73147297	1.877981547451734
9.74097347	1.1466946714343365
9.75047493	3.345619486913743
9.75997543	2.165116279218574
9.76947689	1.579852046129765
9.77897835	4.065386358338682
9.78847885	3.6626878949756483
9.79798031	6.872921958301662
9.80748081	8.215127116081172
9.81698132	2.326666374857648
9.82648182	3.5599257063490146
9.83598328	8.008419738489641
9.84548378	8.334781198203714
9.85498524	5.601813130458633
9.86448669	4.564478926419353
9.8739872	8.138277835652946
9.88348866	3.9946618382996157
9.89298916	8.332805774226664
9.90249062	6.446139556859581
9.91199112	4.462235638973422
9.92149162	3.676915712791044
9.93099308	7.177794110265865
9.94049358	5.666980266212239
9.94999409	5.485529267792112
9.95949554	2.915855238303772
9.968997	9.07722451147459
9.97849751	8.531410466384779
9.98799896	9.52630656780022
9.99750042	3.276451978414715
10.00700092	5.5193214993389255
10.01650143	8.433961601252975
10.02600193	5.010991004832771
10.03550339	6.8788239503112285
10.04500389	10.064901154363827
10.05450439	9.605712816908598
10.06400681	5.894910853213914
10.07350731	10.009259582702787
10.08300781	11.44101677636897
10.09250927	10.558676836937586
10.10201073	20.12863408009905
10.11151123	19.861971681693028
10.12101173	26.494094569059946
10.13051319	36.42359080632622
10.14001369	44.218729980562
10.1495142	51.369642760811814
10.1590147	64.66785122147466
10.16851711	67.01350448872088
10.17801762	80.97640237243829
10.18751812	80.55496090646463
10.19701958	86.6941644386815
10.20652103	83.21956377923313
10.21602154	72.83899733070933
10.22552204	65.8606289673182
10.2350235	59.258177407829464
10.244524	48.36028157905152
10.25402451	39.34628401937181
10.26352596	29.4302978594609
10.27302742	20.290605874208435
10.28252792	22.548145572654008
10.29202938	11.407767152200503
10.30153084	10.439787314590099
10.31103134	8.632481889147229
10.32053185	7.278048141744604
10.3300333	11.892550668615272
10.33953381	10.698136825655656
10.34903431	9.184231293511521
10.35853481	9.844967475714812
10.36803627	4.076839631601007
10.37753773	8.179209771773628
10.38703823	6.856014624887956
10.39653969	7.649889742227606
10.40604115	6.568412709534654
10.41554165	7.048612002251312
10.42504215	8.02478636679992
10.43454361	5.216485671040707
10.44404411	8.445709145759588
10.45354462	6.032311558510074
10.46304607	5.253657624190388
10.47254753	4.1956677531822155
10.48204803	5.383930983553359
10.49154854	3.4249918132325083
10.50105095	1.6271547254145138
10.51055145	7.129587538280098
10.52005196	6.573117876737498
10.52955246	3.17252244543423
10.53905392	6.75841976142369
10.54855442	2.541613618396053
10.55805492	0.6394948775681019
10.56755638	0.6921836960972175
10.57705784	4.93566309598482
10.58655834	4.129029281766135
10.5960598	2.32381734027987
10.60556126	2.125592348870039
10.61506176	6.314848640534813
10.62456226	3.7100588440467734
10.63406372	4.962189683346423
10.64356422	6.436313923906633
10.65306473	3.6629246593964724
10.66256618	0.6630932153652516
10.67206669	6.912438333847918
10.68156815	1.9609592935438427
10.69106865	5.43778770850136
10.70057011	5.810636158263002
10.71007156	1.3306200580773788
10.71957207	2.1421625611358426
10.72907257	5.388674374257419
10.73857403	2.7224891964332962
10.74807453	1.8303131366031193
10.75757504	0.3466069079979805
10.76707649	3.1883742803297186
10.776577	5.824188550204699
10.78607845	8.244344127543863
10.79557896	4.9677928756080325
10.80508041	3.87445473038927
10.81458187	2.3496067648358014
10.82408237	5.713457076347443
10.83358383	4.205319734495807
10.84308434	4.626771093881589
10.85258484	2.655879496689743
10.8620863	1.3887435088820268
10.8715868	5.336971779128099
10.8810873	1.0535289129498924
10.89058876	8.784434922431457
10.90009022	4.16058095101994
10.90959072	4.476948825372114
10.91909218	7.83946186858491
10.92859268	6.489277632610696
10.93809414	2.9981693408392567
10.94759464	1.5078287866466402
10.95709515	2.629227370839752
10.9665966	5.2991382397198725
10.97609711	1.9292012005080388
10.98559761	5.030639709986995
10.99509907	6.775214792941432
11.00460052	6.585127376400379
11.01410103	5.316347296358021
11.02360249	1.7829151141609823
11.03310394	2.904652010442308
11.04260445	2.1645854145453756
11.05210495	3.89026708312394
11.06160545	7.488382715218784
11.07110691	2.4907792337746124
11.08060741	2.5113693384399167
11.09010792	1.4770898749344759
11.09961033	3.182792516977764
11.10911083	8.28933624329625
11.11861134	4.309587278203454
11.12811279	7.262161331871818
11.13761425	2.284840966619837
11.14711475	5.319267991509771
11.15661526	5.779322471788386
11.16611671	2.041733550598501
11.17561722	2.6474109103840484
11.18511772	4.1327102499161965
11.19461918	3.718260171012268
11.20412064	8.583954302098684
11.21362114	5.203655895257834
11.2231226	2.4583349070492906
11.23262405	8.248414916823446
11.24212456	5.688965368024485
11.25162506	9.162143225659227
11.26112556	6.680028253129361
11.27062702	6.6105317647277735
11.28012753	4.3335801081193335
11.28962803	2.9890767315807096
11.29912949	4.495419130164269
11.30863094	2.3877775039966904
11.31813145	3.8295517794965823
11.3276329	7.3963837780011366
11.33713436	4.57458344197225
11.34663486	7.4461522879397295
11.35613537	6.328978185639702
11.36563683	2.864398985781772
11.37513733	4.623050870504891
11.38463783	7.894924523711512
11.39413834	3.656760899023752
11.40363979	6.2370007518790604
11.41314125	4.016112246647932
11.42264175	7.757140717841713
11.43214321	6.963761886901739
11.44164467	7.121476611651513
11.45114517	8.505189855651203
11.46064568	3.0623068968323217
11.47014713	6.99262065098957
11.47964764	8.994839767053618
11.48914814	3.132917925064956
11.4986496	4.777771640065273
11.50815105	5.139810813391405
11.51765156	5.1202694824573225
11.52715206	6.409755030203133
11.53665447	4.143926616420094
11.54615498	7.664527168484144
11.55565548	9.835221564078006
11.56515694	9.141914037445066
11.57465744	10.837261430302348
11.58415794	8.437435913522066
11.59365845	4.65704772564284
11.6031599	5.5517031793675375
11.61266136	7.6604079097314255
11.62216187	7.072196663065238
11.63166332	8.73771882056533
11.64116478	6.427364814461052
11.65066528	6.417826017813855
11.66016579	6.905679612250533
11.66966724	9.12703200403732
11.67916775	9.345548541718555
11.68866825	8.597423099775714
11.69816971	5.880787040458549
11.70767021	6.588498119721613
11.71717167	8.975529049944775
11.72667217	5.058465115439586
11.73617363	12.628035612578426
11.74567509	9.69441965955452
11.75517559	10.133390183027926
11.76467609	13.596246708893922
11.77417755	7.9276293323267994
11.78367805	7.327989811504886
11.79317856	10.772225861122006
11.80268002	10.69511751564427
11.81218052	7.538148027676408
11.82168198	14.992902613007162
11.83118248	14.272603645922572
11.84068394	14.36637398000806
11.85018539	12.002557145556716
11.8596859	12.001760009640524
11.86918736	11.410200465772888
11.87868786	14.146325454335157
11.88818836	9.90432177847528
11.89768982	15.833979055099997
11.90719032	14.897740157998317
11.91669083	15.519455612536529
11.92619228	13.038838563755949
11.93569374	16.624608810209974
11.94519424	15.128408843262797
11.9546957	12.292020424056014
11.96419621	17.449541162955295
11.97369766	15.663957198588971
11.98319817	16.461867335197773
11.99269867	17.99312551179425
12.00220013	15.995600739088259
12.01170063	19.75136149593572
12.02120113	23.863288456025632
12.03070259	18.232447213458755
12.04020405	23.557059006570316
12.04970455	26.57607662304227
12.05920601	23.504228735485526
12.06870747	30.417768590670747
12.07820797	31.11975666174672
12.08770847	32.967313993678786
12.09720898	28.940308019308553
12.10671043	36.008549634705595
12.11621094	33.09829958377786
12.12571144	41.270461093216944
12.13521385	38.14718071711838
12.14471436	47.9226166122361
12.15421486	48.088414779441095
12.16371632	52.07374679982365
12.17321777	60.2736263858991
12.18271828	62.97235259705576
12.19221878	71.07906514248991
12.20172024	78.81319870945296
12.21122074	96.63117262625164
12.2207222	115.37675577586805
12.2302227	133.8321593355989
12.23972416	170.90493111200666
12.24922466	220.31732399087755
12.25872517	282.5751518606299
12.26822662	380.7267871448002
12.27772808	499.12174771706714
12.28722858	644.8933201376735
12.29672909	828.5139357204413
12.30623055	1027.3700498649036
12.31573105	1240.4754063970652
12.32523251	1449.273297103946
12.33473396	1614.0400550966758
12.34423447	1723.285002765465
12.35373497	1746.1405274842448
12.36323547	1694.4406552860823
12.37273693	1575.9348110122812
12.38223839	1404.712402433022
12.39173889	1206.881207069832
12.40124035	1000.2495851653529
12.41074085	806.2989568533364
12.42024136	632.8504452930421
12.42974281	487.9781213166308
12.43924427	372.289002412161
12.44874477	285.90667766821144
12.45824528	217.77536315836497
12.46774673	170.4327750966568
12.47724724	133.63701785582813
12.4867487	111.25485393917172
12.4962492	95.68100732138313
12.50575066	82.4043787351855
12.51525116	75.041171361419
12.52475166	63.23487640187008
12.53425407	58.69909863986693
12.54375458	56.915168056169406
12.55325508	47.35180665827411
12.56275558	46.88979242100341
12.57225704	45.344244220410516
12.5817585	37.427858268533846
12.591259	39.09974433186467
12.60076046	32.04708300735757
12.61026096	33.633102594693426
12.61976147	28.084109898070206
12.62926197	28.753941414025228
12.63876438	29.42671750807698
12.64826488	28.889220824019972
12.65776539	21.47701249137079
12.66726685	20.064476344494082
12.67676735	24.35804931696206
12.68626881	17.606575209462854
12.69576931	16.053387181176006
12.70527077	18.05644535224612
12.71477127	14.748970184417965
12.72427177	19.858673318553254
12.73377323	17.209440279963225
12.74327469	15.934663270771537
12.75277519	12.534221469984239
12.7622757	15.511194495386027
12.77177715	10.81846354978381
12.78127766	15.586698814308075
12.79077911	14.97204747066792
12.80027962	12.492792107030239
12.80978107	16.341965181968245
12.81928158	10.02667133506413
12.82878208	12.53876151278931
12.83828354	13.105454979297576
12.847785	9.761046069169161
12.8572855	7.7749076021730925
12.86678696	10.892689328469626
12.87628746	9.14299205551361
12.88578796	7.090494579171483
12.89528942	8.431793875323088
12.90479088	8.443076765303882
12.91429138	11.989683294313235
12.92379189	8.77916311401433
12.93329334	11.330876406768187
12.94279385	7.338290809063832
12.9522953	8.026571116597069
12.96179581	8.79096714077545
12.97129726	6.000156107225409
12.98079777	7.850107471883208
12.99029827	5.587547621913077
12.99979973	12.406789144825074
13.00930119	9.510748017237699
13.01880169	11.868085061555046
13.02830219	5.177619695546999
13.03780365	12.091129551781087
13.04730511	4.659264753695548
13.05680561	10.818528207350283
13.06630611	8.081023056385458
13.07580757	7.846338286615998
13.08530807	11.353224621648163
13.09480858	7.593267659948225
13.10431099	5.675243337156328
13.11381149	10.036186088990316
13.123312	8.119394441918379
13.1328125	6.246820647704305
13.14231396	5.820535433524464
13.15181541	7.402142577290967
13.16131592	5.3776195802359705
13.17081738	10.879534719611549
13.18031788	10.501662954493469
13.18981838	7.014098143340529
13.19931984	6.219678768979688
13.2088213	8.625695294168882
13.2183218	8.002097060157467
13.2278223	9.275661006795303
13.23732376	10.467927130449842
13.24682426	12.515602636355245
13.25632572	5.566908746477036
13.26582623	10.613327578552664
13.27532768	7.17440453355926
13.28482819	9.79135055087906
13.29432869	7.745427414333499
13.30383015	12.026711411661283
13.3133316	14.209179219105515
13.32283211	19.94720421845548
13.33233261	19.070489342125246
13.34183407	23.62772327227031
13.35133457	27.67372310676366
13.36083603	32.377665803481925
13.37033749	45.41360221044794
13.37983799	49.32352262252782
13.38933849	54.3095428539648
13.398839	60.869751116363034
13.40834045	61.99767188227213
13.41784191	66.51308197320374
13.42734241	62.27102824521037
13.43684387	59.462294125145796
13.44634438	54.22368069185629
13.45584488	49.609704898014286
13.46534634	43.90195797040709
13.47484779	33.48802803376143
13.4843483	30.7545051991499
13.4938488	21.31880591908752
13.50335026	17.1694812671769
13.51285076	18.775343328426583
13.52235222	9.752318183712237
13.53185272	11.72662860492272
13.54135418	10.015755152780386
13.55085468	6.346916826103522
13.56035519	7.347604413112428
13.5698576	11.75147205327943
13.5793581	10.442884675197806
13.5888586	9.140323600542564
13.59835911	3.885273384253666
13.60786057	10.768724619247347
13.61736202	2.817314360814488
13.62686253	8.437352407970186
13.63636398	6.441254656678509
13.64586449	3.7608392996028237
13.65536499	9.341880078828897
13.66486549	4.193703989870768
13.6743679	9.647031248885359
13.68386841	7.490670564585258
13.69336891	2.8700639527860883
13.70287037	5.880430948409494
13.71237087	4.042768047281908
13.72187233	4.20266214460826
13.73137283	3.143744868607722
13.74087429	8.060195874588944
13.75037479	8.3946851249448
13.7598753	6.20844145769156
13.76937675	1.8208104287798397
13.77887821	6.036273302537827
13.78837872	3.1365442698216888
13.79787922	8.745840260686059
13.80738068	1.587664531633968
13.81688118	3.1062265089655314
13.82638264	6.827180187435854
13.83588409	5.366782715207948
13.8453846	5.4821591099167675
13.8548851	2.292088265493996
13.8643856	7.924122426577689
13.87388706	6.499156514979233
13.88338852	3.1937237378306564
13.89288902	7.014328371838067
13.90239048	8.255441564376518
13.91189098	3.0224554030867856
13.92139149	4.171611438777619
13.93089294	3.155343967692554
13.9403944	4.612558283933841
13.94989491	2.818447997947989
13.95939541	0.6533748696328867
13.96889687	7.889899283944277
13.97839737	2.9422855091083138
13.98789883	4.723192357033943
13.99739933	1.5592367989808205
14.00690079	3.004911487132013
14.01640129	4.960463500941284
14.02590179	2.400686677625402
14.03540325	7.250554621790857
14.04490471	7.429053464148317
14.05440521	2.402863320934642
14.06390572	2.8457994528180492
14.07340717	3.38577170132387
14.08290863	6.942164406735535
14.09240913	3.1713067745157115
14.10190964	4.559409220692996
14.11141109	5.491242101290219
14.1209116	1.03310149238131
14.1304121	7.871475628250405
14.13991451	6.176158920226571
14.14941502	0.133078830743383
14.15891552	4.793706500319594
14.16841698	2.086092428598847
14.17791748	1.5790429321358748
14.18741894	5.66483238708806
14.19691944	6.983930177813741
14.2064209	2.4158977695828647
14.2159214	1.1750159640222493
14.22542191	3.343556070757282
14.23492336	5.4255664106382895
14.24442482	3.3964965156485634
14.25392532	3.507300434840723
14.26342583	4.860097549880427
14.27292728	7.830606635459063
14.28242779	7.967218187814166
14.29192924	7.261213612227487
14.30142975	0.19130937272969253
14.31093121	3.179924353134839
14.32043171	1.5786823533199512
14.32993126	3.349409009777654
14.33943272	5.442020788697016
14.34893513	6.741351080290437
14.35843563	1.2680766937805583
14.36793613	3.6692796125794374
14.37743759	2.0673076792041356
14.3869381	1.4131171261216282
14.39644051	3.1686174897914254
14.40594101	3.7018973452057504
14.41544247	4.277068095542888
14.42494297	4.928830469353563
14.43444347	5.366420255781384
14.44394493	4.3178267862432795
14.45344543	7.231321989586587
14.46294594	6.501428154625755
14.4724474	0.9557206658505544
14.4819479	0.4080775397303852
14.4914484	4.6129740293776536
14.50094986	7.138781810310779
14.51045036	2.4719083520099505
14.51995087	6.207882722496554
14.52945137	4.21655059777038
14.53895283	7.575026458827624
14.54845524	5.1263065427043415
14.55795574	0.1898696365704634
14.56745625	7.96242433462599
14.5769577	7.966017223357178
14.58645821	7.608621088101735
14.59595871	1.5957897421084426
14.60546112	2.423851394109867
14.61496258	6.318347167612834
14.62446308	4.335077123088308
14.63396358	1.4765678943088019
14.64346504	4.72571085246247
14.65296555	5.105276730405486
14.66246605	2.5810429128442554
14.67196751	4.161672215060306
14.68146801	2.3339047615534243
14.69096851	3.4252051365586706
14.70046902	1.9315210657823578
14.70997047	3.640495469442193
14.71947098	5.136147473481252
14.72897148	5.8249609964280795
14.73847294	5.462397554237307
14.74797344	5.094237719876023
14.75747585	4.804571622969527
14.76697636	7.718467954714754
14.77647781	1.7043776906238486
14.78597832	4.725279206178991
14.79547882	2.6460210257629475
14.80498028	8.081131887424572
14.81448269	4.65699362909022
14.82398319	6.172577652130936
14.8334837	7.0116589532070845
14.84298515	6.72433225064729
14.85248566	2.4230142272067563
14.86198616	6.9051180577429605
14.87148762	5.959741446123473
14.88098812	1.0139208227784489
14.89048862	5.843481729457396
14.89998913	4.9596598214405825
14.90949059	0.8712892554011538
14.91899109	4.205550009296384
14.92849159	7.413218227307526
14.93799305	6.655543266062612
14.94749355	3.200529066924194
14.95699406	2.7665752883327652
14.96649647	0.8461875111545427
14.97599792	0.9911142790220984
14.98549843	7.5378015787661585
14.99499893	5.134114111480669
15.00450039	6.321943744285798
15.0140028	0.8422311238737042
15.0235033	4.3680639374417485
15.03300381	3.317170560687068
15.04250526	8.078393496579157
15.05200577	2.123695416334122
15.06150627	5.796320083120329
15.07100677	6.388893822538183
15.08050823	3.269218409526868
15.09000874	3.84268919347702
15.09950924	4.299999852305425
15.1090107	5.565100500347192
15.1185112	3.5573377452380615
15.1280117	8.260058610080641
15.13751316	4.530755612792939
15.14701366	4.978631068656949
15.15651417	0.700514928376939
15.16601562	5.15792590803199
15.17551804	2.2480212750727024
15.18501854	1.3961244579403955
15.19451904	5.185469622678577
15.2040205	5.649736534369222
15.213521	1.1532735949729973
15.22302341	3.236711116039692
15.23252392	7.976030929945484
15.24202538	3.6087347901954474
15.25152588	4.037715462901221
15.26102638	1.8867648796306429
15.27052689	4.169194714001887
15.28002834	5.439869443724465
15.28952885	7.280021319106954
15.29902935	8.157456402768588
15.30853081	8.41333454495443
15.31803131	8.102841614870544
15.32753181	1.1082244140898863
15.33703327	1.9229707313891016
15.34653378	5.324225914643205
15.35603428	0.8366046291076373
15.36553478	4.2497731913693215
15.37503624	3.654653290275239
15.38453865	5.310397307959056
15.39403915	4.2986961276329
15.40353966	3.9600038912814566
15.41304111	1.6561210902678667
15.42254162	0.9083358602902292
15.43204403	2.664439153670502
15.44154453	7.045747184074627
15.45104599	3.591361649284981
15.46054649	5.351715283628434
15.470047	6.007930350829847
15.47954845	7.2221108305125945
15.48904896	2.2242239673888498
15.49854946	6.356244381634221
15.50805092	6.56878910981339
15.51755142	6.8372087287032555
15.52705193	1.1216527136611742
15.53655338	1.8749716137505001
15.54605389	6.732267585057065
15.55555439	2.283375256045795
15.56505489	7.680192008007459
15.57455635	1.873724527730847
15.58405876	2.330209460505136
15.59355927	4.822294207065316
15.60305977	4.150927400220375
15.61256123	3.7708061199944694
15.62206173	4.7270123288664
15.63156223	7.733581033626822
15.64106464	6.417853724267093
15.6505661	2.360738277201182
15.6600666	5.673984268127789
15.66956711	4.185157449986918
15.67906857	7.125531165127182
15.68856907	8.212125093624476
15.69806957	8.094321572452344
15.70757103	6.109352016507016
15.71707153	5.180995047843006
15.72657204	4.220835376313067
15.73607254	5.892304042688064
15.745574	6.168130256840874
15.7550745	3.837062689998167
15.764575	7.888422576257751
15.77407646	9.453439189276818
15.78357697	9.414083061329421
15.79307938	7.328922719406908
15.80257988	9.007862725814714
15.81208134	8.746920298248948
15.82158184	11.690027993132375
15.83108234	12.154042602850678
15.8405838	10.056574204193009
15.85008621	10.409453589015563
15.85958672	12.318629940946433
15.86908722	15.483343713162515
15.87858868	11.603608755913239
15.88808918	12.738969393632118
15.89758968	15.394028524709395
15.90709114	18.760448318401046
15.91659164	24.252495777649237
15.92609215	28.341897623822803
15.93559265	37.26147767104321
15.94509411	46.865257831903996
15.95459461	58.36734143660679
15.96409512	81.6064442809914
15.97359657	97.74254059608964
15.98309708	128.7814724276347
15.99259758	157.43150868634018
16.00209999	183.2820211023935
16.01160049	215.25335496130552
16.021101	238.0008647925036
16.03060341	255.17341512003833
16.04010391	255.91407470141314
16.04960632	250.51635572912372
16.05910683	239.33669220932364
16.06860733	218.16320852114808
16.07810783	190.5480030486705
16.08760834	166.466344257023
16.09711075	138.66622256760252
16.10661125	111.61929383187109
16.11611176	84.54901410425227
16.12561226	66.18032374928204
16.13511276	56.86508389195636
16.14461327	43.84838107199453
16.15411568	35.45584930029022
16.16361618	23.48065297769112
16.17311668	19.656401410239628
16.18261719	19.686373916327785
16.19211769	14.212303359336383
16.20161819	12.209374067443338
16.21112061	11.707560939007184
16.22062111	15.651787319135954
16.23012352	8.95938869609316
16.23962402	12.788832037606674
16.24912453	13.795202036826
16.25862694	8.561024313101615
16.26812744	7.595368309450794
16.27762794	7.873136619823605
16.28712845	9.778403320144182
16.29663086	9.060611279232461
16.30613136	7.92364293611067
16.31563187	10.744059941535713
16.32513237	7.527808295223398
16.33463287	8.422541400459824
16.34413338	10.53342688346467
16.35363388	5.23808074699122
16.36313629	8.663617244148428
16.3726368	6.293306407647732
16.3821373	3.3091206350445557
16.3916378	3.0636848013422293
16.40113831	9.417269458429121
16.41063881	8.053936418299646
16.42014122	4.999434893265441
16.42964363	9.051228094885174
16.43914413	1.953144803681541
16.44864464	1.8114118787526279
16.45814514	2.572469702442894
16.46764755	3.2755263599342204
16.47714806	4.274436254067452
16.48664856	6.365046124788136
16.49615097	4.069514567910993
16.50565147	4.954463864199893
16.51515198	7.10017658125653
16.52465248	2.475894941079008
16.53415298	2.369765475631567
16.54365349	6.646500686017099
16.55315399	7.968068391684334
16.5626564	4.902740275717699
16.57215691	7.194693091323728
16.58165741	7.185342806818264
16.59115791	4.32639130115555
16.60065842	8.348194597806582
16.61015892	2.674642419087628
16.61966133	6.897548881303102
16.62916374	5.650089877801159
16.63866425	8.753359032998816
16.64816475	5.945567502302152
16.65766525	1.0162468729421994
16.66716576	1.729944542397805
16.67666817	6.5245645982084115
16.68616867	4.6090097330093345
16.69567108	1.8832735164271661
16.70517159	9.019100038522863
16.71467209	6.35612597153051
16.72417259	4.992848950284037
16.7336731	3.7608466322791583
16.7431736	5.60906860722449
16.7526741	5.8524868466203595
16.76217651	3.086552801209611
16.77167702	6.170955539386624
16.78117752	5.891257913402866
16.79067802	2.8656747129664613
16.80017853	3.302260825593346
16.80967903	8.733632192249736
16.81918144	5.4944510106997875
16.82868385	5.68682761864903
16.83818436	6.115468526333198
16.84768486	9.47464814967917
16.85718536	7.941601275668571
16.86668587	5.491745995878167
16.87618637	2.5408635950052543
16.88568878	4.4215888847080285
16.89519119	2.012024967028611
16.9046917	3.0181000208945714
16.9141922	2.5480922819243266
16.9236927	7.508516573899839
16.93319321	2.564557373282101
16.94269371	7.536093907607472
16.95219421	8.92528121275634
16.96169662	2.016560652795059
16.97119713	4.112795393522252
16.98069763	4.102197699504145
16.99019814	3.3319193222355277
16.99969864	9.333458222786488
17.00919914	5.952380312076219
17.01869965	7.830539675829682
17.02820206	7.553382748898276
17.03770447	3.12625542562073
17.04720497	8.040325438039128
17.05670547	6.982286880342045
17.06620598	3.19593351393019
17.07570648	8.190908229755571
17.08520889	5.619002861862958
17.0947113	7.24150860897737
17.10421181	9.904679278042241
17.11371231	7.318759882528651
17.12321281	8.706271912460949
17.13271332	2.9036239582522243
17.14221382	2.5603045854586446
17.15171432	8.772149302225635
17.16121674	5.562872813402931
17.17071724	2.4297432884348944
17.18021774	5.967813308017948
17.18971825	6.953274236536543
17.19921875	8.35267820233312
17.20871925	3.4246607807952367
17.21821976	6.083132844284435
17.22772217	5.778678668630345
17.23722267	8.22390425079842
17.24672508	7.148073963342124
17.25622559	9.15547303432155
17.26572609	9.128519175016232
17.27522659	9.85836072682802
17.2847271	6.489931064031623
17.29422951	4.422123640339368
17.30373192	7.411877714350394
17.31323242	9.84386542186316
17.32273293	4.945917360050263
17.33223343	8.47678931560171
17.34173393	3.4376972188942534
17.35123444	11.0879945061435
17.36073685	11.27276896722138
17.37023735	5.883287322895347
17.37973785	7.492121766485621
17.38923836	9.493637415926163
17.39873886	7.669197991572024
17.40823936	10.177163918477213
17.41773987	7.617099738158968
17.42724228	4.826183673120129
17.43674278	6.524601061942775
17.44624519	10.899204327988812
17.4557457	4.273896327849408
17.4652462	10.227744583935236
17.4747467	7.67682975357979
17.48424721	7.94590678540716
17.49374962	9.122671004599706
17.50325203	12.114746966450458
17.51275253	12.08721435472691
17.52225304	12.37329142939068
17.53175354	6.23428649608906
17.54125404	6.050961428764776
17.55075455	10.405242440657606
17.56025696	9.882444460697936
17.56975746	6.051000661697258
17.57925797	7.117950867939193
17.58875847	10.485754524610297
17.59825897	10.702588930087824
17.60775948	13.734579965799954
17.61725998	8.269523058863289
17.62676239	11.458291090891354
17.63626289	13.406668588353416
17.6457634	6.9167004421960625
17.65526581	9.044186450543615
17.66476631	9.289880600428482
17.67426682	11.637777741951904
17.68376732	11.213707573585545
17.69326973	8.263393968763715
17.70277023	12.081709892962817
17.71227264	10.817417404191747
17.72177315	9.510336746958163
17.73127365	15.24718259140236
17.74077415	17.163799226296817
17.75027466	14.080366431112076
17.75977707	13.231897159861408
17.76927757	16.899552736614424
17.77877808	11.355180844264817
17.78827858	11.345782120180996
17.79777908	16.817383185594334
17.80727959	17.47241720032845
17.81678009	12.787073977814636
17.8262825	16.561543144127043
17.835783	14.126916635948657
17.84528351	19.96556552016284
17.85478401	21.23937767853944
17.86428642	23.236747014758066
17.87378693	18.52612351550519
17.88328743	23.162239959205344
17.89278984	20.66045411094636
17.90229034	20.353705135887772
17.91179276	22.65570032848715
17.92129326	23.77146687284013
17.93079376	23.336617324208767
17.94029427	29.81560489710486
17.94979477	32.07070077762966
17.95929527	31.36944804093023
17.96879768	28.317253605018262
17.97829819	31.582736184698533
17.98779869	36.76151056672595
17.99729919	36.64607257812307
18.0067997	41.828904445018445
18.0163002	42.92135258430521
18.02580261	44.077187742694846
18.03530312	46.894674452028084
18.04480362	51.02125229358894
18.05430412	54.65346330316685
18.06380463	61.08992292625561
18.07330704	67.98017673632765
18.08280754	75.81542422181693
18.09230995	81.43549673115469
18.10181046	85.01091554317901
18.11131096	98.27003840474596
18.12081337	115.10114752636181
18.13031387	128.29815956474
18.13981438	156.28727395087932
18.14931488	191.96432416867665
18.15881538	233.62023702562135
18.16831779	300.0346709662573
18.1778183	397.5987965180644
18.1873188	520.285539245247
18.19681931	685.9360372692224
18.20631981	883.5731203128153
18.21582031	1117.1771597832733
18.22532272	1386.4997882408388
18.23482323	1663.073170342453
18.24432373	1927.2435371475062
18.25382423	2147.0602016256084
18.26332474	2280.2056634505916
18.27282524	2321.925370046688
18.28232765	2275.9072703570564
18.29182816	2160.3953722279207
18.30133057	1987.288457777115
18.31083107	1778.6093884449829
18.32033157	1537.9063694477031
18.32983398	1288.618361902057
18.33933449	1053.662823380834
18.34883499	839.5473742415483
18.35833549	664.147830711924
18.36783791	515.5501998537862
18.37733841	394.55557184634165
18.38683891	305.3907605738048
18.39633942	241.0994479721714
18.40583992	190.31201016899817
18.41534042	155.59135853931076
18.42484283	131.43080935414937
18.43434334	114.26048241746076
18.44384384	96.10635631477994
18.45334435	90.58641804026388
18.46284485	80.50834212207278
18.47234535	72.33957279849696
18.48184776	65.5624579834885
18.49134827	60.36200029202545
18.50085068	53.41634613189171
18.51035118	52.205576673910905
18.51985168	48.62510179628674
18.52935219	44.68544335300749
18.5388546	44.74732743421588
18.5483551	39.22133237458591
18.55785561	40.25464816131599
18.56735802	38.56349996214619
18.57685852	34.263232965404306
18.58635902	31.340971279269297
18.59585953	30.557292961309248
18.60536003	27.503087808484867
18.61486053	30.820552487442402
18.62436104	26.460149470396395
18.63386345	24.082907869443623
18.64336395	29.360995484108084
18.65286446	24.20442254828633
18.66236496	26.012661984003245
18.67186546	27.53290794769716
18.68136597	27.727660077864844
18.69086838	26.770709535581936
18.70037079	19.996812099519495
18.70987129	25.95897835780637
18.7193718	24.122286053969887
18.7288723	19.837110553627
18.7383728	22.476127270984545
18.74787521	22.51312074723123
18.75737572	18.862595428170284
18.76687813	21.67121338884415
18.77637863	18.934615768413558
18.78587914	14.489232933384717
18.79537964	17.735452536655934
18.80488014	12.513864248389272
18.81438065	19.153132803572063
18.82388115	12.269497357403374
18.83338356	15.913148887989323
18.84288406	18.45525550169549
18.85238457	10.34232906631921
18.86188507	17.307974489384264
18.87138557	17.386032639268187
18.88088608	14.691623315773468
18.89038849	16.348922557120293
18.8998909	11.60073924922757
18.9093914	12.102061564178234
18.91889191	10.583023590899908
18.92839241	11.383018537989898
18.93789291	11.746917376178551
18.94739532	12.951907108838812
18.95689583	10.244177230253644
18.96639824	16.71431471129513
18.97589874	15.508553162469383
18.98539925	10.516218329930197
18.99489975	10.032904872344123
19.00440025	12.179013167192512
19.01390076	15.470936756674224
19.02340126	13.926034016386142
19.03290367	15.782574981492267
19.04240417	16.057701124506263
19.05190468	19.445537232272812
19.06140518	18.859762417120578
19.07090569	14.842323103210578
19.08040619	17.891359592908024
19.0899086	18.849538280491362
19.0994091	20.677035218156256
19.10891151	26.001948932003664
19.11841202	28.077870231130476
19.12791252	35.77331176586091
19.13741302	45.80167250365939
19.14691353	53.219551134038106
19.15641594	69.4620437228716
19.16591835	81.79817384013451
19.17541885	100.42652059797018
19.18491936	112.63139772935321
19.19441986	129.41289594331758
19.20392036	140.19622496790146
19.21342087	148.64055806458597
19.22292137	146.51257392392716
19.23242378	137.64202893320567
19.24192429	132.89579554261854
19.25142479	123.79032085320202
19.26092529	107.60036795148902
19.2704258	94.31912609646898
19.2799263	81.80765421802506
19.2894268	71.02063723616152
19.29892921	54.181801095157944
19.30842972	45.78663272345794
19.31793213	36.557831460410085
19.32743073	33.31995358489184
19.33693504	27.324510113866456
19.34643555	18.935012480458383
19.35593605	19.84329726617597
19.36543655	19.696717342871693
19.37493896	18.19159817041574
19.38443947	14.030280233781625
19.39393997	15.398395169895316
19.40344048	16.32833151158805
19.41294098	15.557469508205143
19.42244148	17.523150290458666
19.43194389	10.490160220429349
19.4414444	14.32355500546445
19.4509449	12.482029190235863
19.4604454	11.652190948455825
19.46994591	10.382417727733255
19.47944641	12.18816286068505
19.48894691	9.979371579818277
19.49844933	14.872775533567776
19.50794983	15.113606986115542
19.51745033	12.777129152916675
19.52695084	10.277743645639106
19.53645134	9.44226077302429
19.54595566	14.417035932076818
19.55545616	14.631287797328419
19.56495667	11.6266420975778
19.57445908	13.239132376679258
19.58395958	10.525545955421824
19.59346008	14.339570492779647
19.60296059	14.514273865678245
19.61246109	16.56815665642197
19.62196159	16.535985663266903
19.631464	15.628181854254724
19.64096451	12.12718151627993
19.65046501	13.999665499003854
19.65996552	10.64307100595779
19.66946602	10.378042408926394
19.67896652	14.782396734073835
19.68846703	12.074484924211173
19.69796944	11.657465486493587
19.70746994	12.72342158039536
19.71697044	11.705885162596681
19.72647095	13.836062392557569
19.73597145	16.84804842718864
19.74547195	12.528944564291645
19.75497627	13.826009701047973
19.76447678	17.115601370661665
19.77397919	17.204940847543735
19.78347969	17.11119888641837
19.79298019	14.567974672960077
19.8024807	17.16070522160492
19.8119812	13.971886213009697
19.8214817	21.53467397874046
19.83098412	18.678456311357596
19.84048462	18.263269320092704
19.84998512	24.25473983481934
19.85948563	22.327100069423132
19.86898613	21.528909432115093
19.87848663	18.123006484496585
19.88798714	18.91661125216845
19.89748955	25.70364663347702
19.90699005	25.611875679477258
19.91649055	25.141094139923837
19.92599106	29.780485313936943
19.93549156	27.982741562727895
19.94499207	31.968884488076306
19.95449257	29.527701009628565
19.96399689	30.458015467566543
19.9734993	36.08265760953487
19.9829998	37.17579325507265
19.99250031	37.65395701440912
20.00200081	37.745229990519235
20.01150131	42.81105281225066
20.02100182	42.655265170909864
20.03050423	49.10990189644579
20.04000473	53.486503545373125
20.04950523	55.358041662560346
20.05900574	63.393318334804846
20.06850624	64.66185441475581
20.07800674	75.66377422630973
20.08750725	77.85719947952188
20.09700966	93.87655488351761
20.10651016	106.16273861707327
20.11601067	129.57946003671475
20.12551117	156.09130407940222
20.13501167	192.98862059442195
20.14451218	245.84411157112606
20.15401268	312.6298667085627
20.163517	410.05584853667045
20.17301941	531.6355313357159
20.18251991	677.2813702937871
20.19202042	851.5792331935332
20.20152092	1035.3693358870823
20.21102142	1217.199960448499
20.22052193	1376.4595105115081
20.23002243	1499.8785088735033
20.23952484	1558.8592177644425
20.24902534	1564.3666621158827
20.25852585	1519.6928955812273
20.26802635	1434.5118889952105
20.27752686	1322.7278844794573
20.28702736	1197.1657102724544
20.29652977	1047.2677859696328
20.30603027	891.6884943698474
20.31553078	751.5067265649841
20.32503128	622.8383436237145
20.33453178	512.5348495911876
20.34403229	434.4618025504804
20.35353279	383.58442667618107
20.3630352	356.8884948639858
20.37253952	356.3952540614574
20.38204002	382.3567731815182
20.39154053	435.97410834434226
20.40104103	506.376133437401
20.41054153	609.3174699315375
20.42004204	716.2640179549527
20.42954254	828.5633427061672
20.43904495	931.2143844882652
20.44854546	1011.8188672273257
20.45804596	1054.5216400359918
20.46754646	1059.9103302058613
20.47704697	1028.8606730566003
20.48654747	973.9772995722167
20.49604988	904.5846195229337
20.50555038	817.1408886747757
20.51505089	718.8701918489026
20.52455139	611.7930466299142
20.5340519	505.44032266608275
20.5435524	412.00051723421626
20.5530529	330.1358545842319
20.56255531	262.64757639054767
20.57205582	206.26488043987135
20.58156013	168.0186666860033
20.59106064	134.50501116561514
20.60056114	108.41436390993177
20.61006165	95.1679883184924
20.61956215	81.20235774157717
20.62906265	68.02596384937857
20.63856506	66.93729001523934
20.64806557	53.624810813926814
20.65756607	56.45492120594565
20.66706657	47.425483825775196
20.67656708	45.739381472528265
20.68606758	44.61635268191271
20.69556999	37.85783012428904
20.7050705	39.24813997680491
20.714571	38.02817560452948
20.7240715	36.411606744347445
20.73357201	32.009728487974485
20.74307251	33.07914459474053
20.75257301	32.24808855614375
20.76207542	27.327660653576046
20.77157593	26.828587469992165
20.78107643	26.163831107216865
20.79058075	28.703307493506802
20.80008125	25.220398376297084
20.80958176	29.08062309695735
20.81908226	26.434702524870367
20.82858276	23.205968063173685
20.83808517	24.724300971739737
20.84758568	22.092072267717143
20.85708618	19.887278405536847
20.86658669	26.202170550928066
20.87608719	25.628011168963695
20.88558769	21.24201091618395
20.8950882	18.695638168626612
20.90459061	21.69694904135931
20.91409111	24.759766647549796
20.92359161	22.181057813433334
20.93309212	22.310115720061575
20.94259262	25.435204528835104
20.95209312	23.401744931017053
20.96159554	23.138375244770625
20.97109604	21.983981645839144
20.98059654	26.021831535453586
20.99009705	20.500342248112496
20.99960136	24.982370664091167
21.00910187	22.063153964898248
21.01860237	22.11528762484538
21.02810287	24.185927557412448
21.03760529	21.67539554197652
21.04710579	27.298263108852684
21.05660629	24.029940774375472
21.0661068	24.360297748401045
21.0756073	26.855577538837974
21.0851078	29.62558740167419
21.09460831	27.370206206411297
21.10411072	32.13378411802042
21.11361122	27.069503351700497
21.12311172	33.34188449501012
21.13261223	31.463826224613687
21.14211273	33.829224273870025
21.15161324	34.807736360401684
21.16111565	33.695856052060854
21.17061615	40.304077379678894
21.18011665	41.06377149111854
21.18961716	39.989697402678985
21.19912148	43.20254537158738
21.20862198	49.6515038612889
21.21812248	48.81636153421011
21.22762299	52.3490026193846
21.2371254	60.075711946243665
21.2466259	66.34618121477534
21.2561264	67.41772692244548
21.26562691	77.92003604056795
21.27512741	86.43011491550317
21.28462791	98.3230328856578
21.29412842	115.90627299555867
21.30363083	138.55627770179146
21.31313133	171.65976567773143
21.32263184	220.63034380445137
21.33213234	283.54266346522274
21.34163284	372.37910768297866
21.35113335	482.3425857712243
21.36063576	622.6136772329916
21.37013626	796.4481078612649
21.37963676	985.6636772682061
21.38913727	1194.6033053548094
21.39863777	1397.5238721547612
21.40814209	1566.9453583973727
21.41764259	1680.7105546281298
21.4271431	1731.156708851507
21.43664551	1708.015722956249
21.44614601	1647.129040153011
21.45564651	1545.5165080355127
21.46514702	1424.2074768101563
21.47464752	1275.8024064742663
21.48414803	1111.3811126601295
21.49364853	942.9912712293593
21.50315094	773.021828994207
21.51265144	623.595591558401
21.52215195	495.68058809563945
21.53165245	387.56948050938774
21.54115295	302.0075000888459
21.55065346	234.63666851577597
21.56015396	185.82202750249488
21.56965637	150.17525111970883
21.57915688	126.36956400351025
21.58865738	100.79761679589853
21.59815788	91.89235529443471
21.60765839	78.46867283208479
21.6171627	70.30508731185692
21.62666321	59.05368912314202
21.63616371	60.919834922447066
21.64566612	53.444890111619785
21.65516663	51.4191929513486
21.66466713	46.40716304678491
21.67416763	41.89529753572534
21.68366814	40.360906467443805
21.69316864	40.54355855391717
21.70267105	37.38640133197154
21.71217155	33.57491332150437
21.72167206	31.754115611979604
21.73117256	29.694740214198884
21.74067307	27.405555427524533
21.75017357	26.84117451523295
21.75967407	25.689765474222458
21.76917648	27.171137535740804
21.77867699	20.53841908554358
21.78817749	22.808019412953602
21.79767799	19.873521631495855
21.8071785	22.130712859096505
21.816679	22.64363467362482
21.82618332	17.331521557285587
21.83568382	15.490565662446203
21.84518623	20.538929533205057
21.85468674	19.57559224930052
21.86418724	15.525419093421483
21.87368774	13.891723191460585
21.88318825	16.257610551199793
21.89268875	11.58978123723556
21.90219116	13.061949884913568
21.91169167	11.129607994335778
21.92119217	14.387735706926872
21.93069267	16.484250128493155
21.94019318	9.854041805925803
21.94969368	16.373015182729908
21.95919418	11.380358032770332
21.96869659	9.242423189786663
21.9781971	9.715756281802218
21.9876976	10.834415377426296
21.9971981	12.575493559492823
22.00669861	11.770851799661346
22.01619911	10.129822249842931
22.02570152	7.057010746751936
22.03520393	10.067987130221224
22.04470634	9.210542201388613
22.05420685	7.982017388324956
22.06370735	10.848860357018424
22.07320786	8.497792969835286
22.08270836	11.629779538813484
22.09220886	7.302573609642817
22.10171127	8.69307052439429
22.11121178	12.501363663771665
22.12071228	10.952589098083534
22.13021278	8.987776500958859
22.13971329	13.683420065626333
22.14921379	10.691678833789581
22.15871429	13.429104794976482
22.16821671	9.922815172544308
22.17771721	11.77261647987284
22.18721771	10.252869455235203
22.19671822	16.409850598785553
22.20621872	20.36463789848979
22.21571922	20.88229119699802
22.22521973	22.320698899666155
22.23472404	26.88826130296535
22.24422646	26.47730177862076
22.25372696	31.990577877992195
22.26322746	29.03584835573706
22.27272797	30.161985809886037
22.28222847	34.02790505001443
22.29172897	28.542845952723624
22.30122948	29.767020933077248
22.31073189	26.67406823480514
22.32023239	20.257742877658295
22.32973289	24.219784630663824
22.3392334	15.968628149895995
22.3487339	19.876439135147415
22.35823441	16.399700524816954
22.36773682	13.778676454616898
22.37723732	9.889420358763115
22.38673782	8.400539644046084
22.39623833	11.670815680960885
22.40573883	12.68368293363435
22.41523933	4.597337564324465
22.42473984	5.470850438430053
22.43424225	9.400904412586886
22.44374657	10.91997398091307
22.45324707	8.449719363089898
22.46274757	3.9971206893947167
22.47224808	6.859938062357313
22.48174858	5.882299353089496
22.49124908	4.935045142079376
22.50074959	8.512194406152373
22.510252	3.2171843723323463
22.5197525	8.529335251097017
22.52925301	5.473326121092856
22.53875351	3.105750571464131
22.54825401	9.184703830061581
22.55775452	7.279174462418315
22.56725693	2.347919370738408
22.57675743	2.543951647774335
22.58625793	6.042347311446786
22.59575844	7.403272702969836
22.60525894	2.752270781695986
22.61475945	5.496504540581226
22.62425995	3.6886196797410697
22.63376236	2.879321769297479
22.64326286	8.232876819206844
22.65276718	2.276936605534292
22.66226768	7.043261527863882
22.67176819	5.498103921596584
22.68126869	2.7653747056050566
22.6907692	7.547223771661313
22.7002697	7.9944520172183955
22.70977211	8.53268674832299
22.71927261	9.556675202138813
22.72877312	8.078463841987764
22.73827362	4.5979886864849915
22.74777412	4.291321570299119
22.75727463	3.1147041388072565
22.76677704	3.071240042280196
22.77627754	2.6123048167666862
22.78577805	3.304370945888272
22.79527855	5.598092748329869
22.80477905	2.653076238119467
22.81427956	5.3255603683460375
22.82378006	7.09117433067656
22.83328247	3.019980976522878
22.84278297	9.272653916629906
22.85228348	8.578494297474576
22.8617878	5.728854593384044
22.8712883	3.0699605623431694
22.8807888	8.072250789776287
22.89028931	5.445934578273091
22.89978981	8.19247826435714
22.90929222	2.1123686722930293
22.91879272	6.399170898373223
22.92829323	9.216490655572791
22.93779373	2.2100470249231825
22.94729424	7.083990620174849
22.95679474	1.550702863839362
22.96629715	4.322738337116627
22.97579765	8.74623975867072
22.98529816	6.934324114118602
22.99479866	3.860684420097833
23.00429916	9.210433824234611
23.01379967	4.198167029285418
23.02330017	6.872108252353067
23.03280258	5.898563476334703
23.04230309	3.8986266049906737
23.05180359	5.46214307775496
23.06130791	3.752756998438253
23.07080841	8.100884504773422
23.08030891	2.367478218845196
23.08980942	7.247143100621802
23.09930992	0.7755941430531265
23.10881233	4.585213255374258
23.11831284	3.704769492637883
23.12781334	5.389433948015926
23.13731384	5.131218184714424
23.14681435	2.7764800093063613
23.15631485	1.499350162002269
23.16581535	6.710637152688356
23.17531776	8.512399786684622
23.18481827	5.635069615057935
23.19431877	4.240724559794587
23.20381927	7.46120712288552
23.21331978	8.721543308638415
23.22282028	4.8815182212752255
23.23232269	7.562543541431561
23.2418232	4.800801869049749
23.2513237	3.8332224053830215
23.2608242	5.589021695862637
23.27032852	6.323988132671876
23.27982903	7.809003168032923
23.28932953	4.864174871163568
23.29883003	5.65619662138866
23.30833244	2.632376932641034
23.31783295	2.7020751182539477
23.32733345	9.186291088438233
23.33683395	8.95792555812923
23.34633446	2.95562220107233
23.35583496	7.608368128692512
23.36533546	6.846150170867618
23.37483788	4.612755105146373
23.38433838	1.9727477847704353
23.39383888	6.426755186771083
23.40333939	2.401732605493371
23.41283989	1.54949320789559
23.42234039	4.703725903899031
23.4318428	8.35655447285469
23.44134331	4.593301045215204
23.45084381	2.395469578328605
23.46034431	6.190724947111548
23.46984482	7.658959880804138
23.47934914	6.868259860807475
23.48884964	3.5193658498326643
23.49835014	7.83633116456335
23.50785255	2.8948217031105306
23.51735306	2.336260071249465
23.52685356	5.819426394358122
23.53635406	2.3258085390575514
23.54585457	10.122232874216358
23.55535507	4.944486787357722
23.56485558	6.778031281534334
23.57435799	8.321317849393195
23.58385849	3.593133879810623
23.59335899	10.188794343785617
23.6028595	10.07627726394748
23.61236	4.368508827813204
23.6218605	11.448633546232353
23.63136292	10.10012658711108
23.64086342	6.9885523410921175
23.65036392	4.775572652318993
23.65986443	8.951327816896189
23.66936493	12.922728269456002
23.67886543	8.843833192170386
23.68836975	10.53203872439979
23.69787025	9.821901389578391
23.70737267	12.381640306884744
23.71687317	15.36002863765197
23.72637367	18.11353027027424
23.73587418	25.6391035695542
23.74537468	24.511252483826716
23.75487518	25.447250703363252
23.76437569	32.96659820695614
23.7738781	33.779606770587726
23.7833786	31.186810590185104
23.7928791	29.760837676270853
23.80237961	27.96333465075176
23.81188011	27.027616883648378
23.82138062	32.76654992557657
23.83088112	24.239343092764535
23.84038353	26.717593165548454
23.84988403	26.532845489815493
23.85938454	26.36749449337442
23.86888504	18.724632255395854
23.87838554	16.465967479684885
23.88788605	17.57414803570823
23.89739037	17.450447736719205
23.90689087	19.34729683210347
23.91639328	22.8220713895515
23.92589378	19.110223835311434
23.93539429	26.67658835005432
23.94489479	26.110705084058555
23.95439529	29.834023545285305
23.9638958	28.33572185283005
23.97339821	33.41313400522624
23.98289871	37.3981867391569
23.99239922	40.92860114252095
24.00189972	53.278799216337525
24.01140022	67.0136942405301
24.02090073	83.57933288328073
24.03040123	104.43240062138568
24.03990364	133.61362713960634
24.04940414	168.35474656202706
24.05890465	210.02748031308943
24.06840515	259.600143796209
24.07790565	302.13375656906976
24.08740616	346.6123180393823
24.09691048	375.29788548550266
24.10641098	399.03276190779957
24.11591339	401.6295155701981
24.12541389	391.5806697612967
24.1349144	373.4140436139766
24.1444149	352.07968385479353
24.15391541	325.4398384041642
24.16341591	292.48335975052055
24.17291832	263.26890557679616
24.18241882	224.2972337433913
24.19191933	186.0844289975714
24.20141983	158.12099336169376
24.21092033	122.52669807243076
24.22042084	103.73339200957183
24.22992134	83.66645748285039
24.23942375	63.38873342428046
24.24892426	52.72684187064293
24.25842476	39.83278413873752
24.26792526	37.945496070400544
24.27742577	27.906210998810625
24.28692627	30.31286754666967
24.29642868	24.086459559900817
24.30593109	19.27583551408462
24.3154335	18.50803658886825
24.32493401	21.40851291255255
24.33443451	18.462127921228245
24.34393501	18.665351441157597
24.35343552	20.58923604662087
24.36293602	17.55077235955919
24.37243843	20.069259829499128
24.38193893	12.159011252162989
24.39143944	14.56805031142553
24.40093994	16.214311928669773
24.41044044	16.17277064906301
24.41994095	12.128446562830838
24.42944145	11.58389019558307
24.43894386	17.054347685624062
24.44844437	10.70843789905825
24.45794487	15.455944285267368
24.46744537	13.518897755509386
24.47694588	15.677914525551067
24.48644638	16.37310256882645
24.49594688	11.698153608517957
24.5054493	15.840400673701875
24.51495361	11.983006322847821
24.52445412	12.661967451413954
24.53395462	17.40415977727493
24.54345512	11.769276180380281
24.55295563	12.3070865572594
24.56245613	12.571574031891007
24.57195663	16.707296945707707
24.58145905	15.649195890050747
24.59095955	20.372075869209272
24.60046005	18.295533701932662
24.60996056	18.81781967808768
24.61946106	23.446183035674398
24.62896156	22.413095621937902
24.63846397	25.693717731645297
24.64796448	23.200846942812237
24.65746498	24.692700595705126
24.66696548	22.40701803906189
24.67646599	25.39876295897245
24.68596649	29.88843772545482
24.695467	32.56402037519622
24.70496941	42.039575178330836
24.71446991	41.85303080492338
24.72397423	53.34932303769994
24.73347473	65.42859150624675
24.74297523	82.9156817722571
24.75247574	111.4339384834085
24.76197624	140.75665505141413
24.77147675	176.95187016627958
24.78097916	228.87792794396302
24.79047966	285.3525494194048
24.79998016	347.15090022861943
24.80948067	406.4453250683082
24.81898117	462.6211648761301
24.82848167	496.83072670973263
24.83798409	513.2754913697669
24.84748459	516.6700908423305
24.85698509	495.879473834822
24.8664856	473.84645378355975
24.8759861	446.61619499096867
24.8854866	410.3974583587556
24.89498711	374.4634734341876
24.90448952	333.2995420824464
24.91399002	285.19744843403237
24.92349052	238.16621205715074
24.93299484	200.88627494204943
24.94249535	159.993391003429
24.95199585	128.98100274198663
24.96149635	103.19766878854648
24.97099686	79.28289146995935
24.98049927	65.9274324503347
24.98999977	54.881950377493325
24.99950027	43.4267720398799
25.00900078	39.23335033219774
25.01850128	35.910443666648305
25.02800179	29.56397084201115
25.0375042	27.656206609753372
25.0470047	32.18589781389763
25.0565052	24.150089007428242
25.06600571	23.00164887219535
25.07550621	27.654860837702913
25.08500671	21.277887117581958
25.09450722	27.76618511023152
25.10400963	23.692058648186556
25.11351013	19.868554026215804
25.12301064	21.131892804209233
25.13251495	20.23877822739472
25.14201546	22.77356412811239
25.15151596	19.060485841330134
25.16101646	23.396568366548046
25.17051697	20.65691054502912
25.18001938	27.12480947113265
25.18951988	26.605728512995853
25.19902039	21.233723937037063
25.20852089	21.0036170407039
25.21802139	23.131127334414828
25.2275219	26.01319314669319
25.2370224	25.557967808159432
25.24652481	27.814326660252785
25.25602531	26.528612272587427
25.26552582	27.22017884915599
25.27502632	32.93374036218428
25.28452682	29.999592788469144
25.29402733	35.958930505604435
25.30352974	37.70583770994885
25.31303024	41.7664990915277
25.32253075	43.15246726014468
25.33203125	44.86071291634152
25.34153557	46.61621786588061
25.35103607	49.29089135848762
25.36053658	56.3600793586038
25.37003708	63.52712967992831
25.37953949	69.47083594334073
25.38903999	79.04753398542894
25.3985405	87.41241762887967
25.408041	100.02528448202291
25.4175415	122.88945276166433
25.42704201	150.83437659409165
25.43654251	196.24299823386193
25.44604492	254.9743391822511
25.45554543	330.580846007927
25.46504593	431.96928702016857
25.47454643	552.7152727017896
25.48404694	701.3533145749944
25.49354744	867.1622643181544
25.50304985	1037.9614573529673
25.51255035	1195.8496479306493
25.52205086	1322.4197163479635
25.53155136	1405.1946115023381
25.54105186	1424.1444685108727
25.55055618	1400.6966085369318
25.56005669	1340.1753982424348
25.56955719	1258.1816908722744
25.5790596	1174.6350035063413
25.5885601	1084.5163719312886
25.59806061	977.1088150346054
25.60756111	854.8055904913376
25.61706161	733.8471091290031
25.62656212	612.9685315308111
25.63606262	498.0909966011707
25.64556503	397.8451372365272
25.65506554	315.2506397060048
25.66456604	243.88040576063167
25.67406654	194.21683903706952
25.68356705	155.28627619702206
25.69306755	122.86036025276866
25.70256996	103.61057707402739
25.71207047	88.31937572228459
25.72157097	75.63361631714334
25.73107147	65.77996884148496
25.74057198	59.48210625234188
25.75007248	50.76344185440447
25.7595768	47.55333170153499
25.7690773	47.69309678618243
25.77857971	42.4816669535152
25.78808022	35.28758675379333
25.79758072	39.19812115035255
25.80708122	33.67831392664927
25.81658173	29.36626085591279
25.82608223	32.52820421661591
25.83558273	31.36692232605499
25.84508514	22.65487928158636
25.85458565	22.552560485796654
25.86408615	23.215380029262374
25.87358665	26.35061580304753
25.88308716	19.934517299792397
25.89258766	16.98323681752704
25.90209007	19.76557778813407
25.91159058	20.225220018705034
25.92109108	14.446010605329846
25.93059158	14.706041380958684
25.94009209	16.8225079576035
25.94959259	13.897209847119502
25.95909691	14.043732943132252
25.96859741	18.229621050936274
25.97809982	13.55793315464972
25.98760033	12.67571795378864
25.99710083	14.337408828640427
26.00660133	13.995104917475029
26.01610184	18.04245479385783
26.02560234	13.431268101818596
26.03510284	18.96035140817174
26.04460526	12.14850946964074
26.05410576	13.229864485592884
26.06360626	18.326371152209
26.07310677	17.186910316199814
26.08260727	18.25455198471133
26.09210777	16.372073972117363
26.10160828	16.434023582933406
26.11111069	18.930088100311487
26.12061119	17.69840665529098
26.13011169	13.088808992844935
26.1396122	18.106248169774993
26.1491127	18.011713836374998
26.1586132	17.513909873831164
26.16811752	15.462424770507953
26.17761803	13.2481287697723
26.18712044	9.385565624389002
26.19662094	9.541097444662954
26.20612144	8.176306707081455
26.21562195	13.985301696230586
26.22512245	9.057093999618168
26.23462296	13.907479151984647
26.24412537	8.288612284897988
26.25362587	7.42937585585901
26.26312637	5.755296199660236
26.27262688	12.103475546357995
26.28212738	13.406877056098972
26.29162788	12.494829735579808
26.30112839	8.323681791263796
26.3106308	9.773479529216559
26.3201313	6.7727062126485835
26.32963181	7.8107763861428
26.33913231	11.0848989519474
26.34863281	12.709288944590478
26.35813332	5.226340262827849
26.36763573	9.88177052166198
26.37713814	8.763011087092844
26.38664055	7.295891500417612
26.39614105	6.462963605730666
26.40564156	5.327009047191631
26.41514206	9.56057881720601
26.42464256	11.33942580347577
26.43414307	4.925955638985157
26.44364548	9.895759191996547
26.45314598	4.770185662111899
26.46264648	9.181460928173529
26.47214699	8.830049187367774
26.48164749	7.038597394308831
26.49114799	11.607958243917015
26.5006485	7.108585579032174
26.51015091	7.14164277676201
26.51965141	10.480146997711667
26.52915192	4.931612164504779
26.53865242	9.85101676699423
26.54815292	10.857910191059307
26.55765343	8.224110038245762
26.56715584	6.476280228630346
26.57665634	9.004449829247308
26.58616066	7.9005315531196105
26.59566116	12.222953971283964
26.60516167	5.5931674617192035
26.61466217	6.007217132323659
26.62416267	9.602754542009091
26.63366318	12.034164176509181
26.64316559	9.58236948110195
26.65266609	12.09509587241639
26.6621666	12.43626340909443
26.6716671	13.100336525313748
26.6811676	13.45963050521845
26.69066811	13.18346013232883
26.70016861	11.950645202006282
26.70967102	9.233729585545404
26.71917152	12.216081189648694
26.72867203	9.036106108811312
26.73817253	13.865470324993673
26.74767303	14.545734811943891
26.75717354	15.8883479927052
26.76667404	12.300051448327592
26.77617645	17.09486632260049
26.78567696	16.409765678038717
26.79518127	25.57276032263475
26.80468178	23.918326185166148
26.81418228	30.996950135768632
26.82368279	37.77683820296851
26.83318329	50.45548373869964
26.84268379	60.13773169027828
26.8521862	77.01672227112473
26.86168671	92.06643125854296
26.87118721	102.83877807338429
26.88068771	125.45879728350013
26.89018822	137.6001230334415
26.89968872	151.00634953363587
26.90919113	154.9002253247637
26.91869164	148.65741808991805
26.92819214	147.32579243302663
26.93769264	135.00528366524256
26.94719315	127.88293727960023
26.95669365	119.08940691279925
26.96619415	109.63367736937342
26.97569656	102.60168730779263
26.98519707	93.06931968590318
26.99470139	80.06146648660942
27.00420189	68.29347992377163
27.01370239	60.71686575871385
27.0232029	51.37242156959033
27.0327034	42.55310289164975
27.0422039	31.235299523367022
27.05170631	31.005488955385793
27.06120682	27.74774612771089
27.07070732	24.26184946214918
27.08020782	21.86592151826957
27.08970833	20.504310662422768
27.09920883	22.894012434036217
27.10871124	16.090122860545172
27.11821175	18.855589220032034
27.12771225	14.499679672981483
27.13721275	14.842155540347925
27.14671326	21.576071283906394
27.15621376	15.365020935127125
27.16571426	14.15857607457055
27.17521667	18.292076614369112
27.18471718	20.64470229181
27.19421768	19.26780672975397
27.203722	16.92731081001074
27.2132225	16.385492121106516
27.22272301	21.889290001355153
27.23222351	18.662888565548485
27.24172401	17.301967124648094
27.25122643	22.913932706350945
27.26072693	21.605151864893507
27.27022743	26.27928399000157
27.27972794	27.362730053723418
27.28922844	22.391264619199603
27.29872894	26.61057534265121
27.30823135	30.876905990889718
27.31773186	27.07514538771946
27.32723236	33.8611779070913
27.33673286	33.783580352197035
27.34623337	34.482912493212766
27.35573387	38.77345482451764
27.36523438	47.45021552869227
27.37473679	50.853863675870194
27.38423729	53.70065530176764
27.39373779	66.7705430303453
27.4032383	77.7641590261574
27.41274261	97.51147637349152
27.42224312	115.09099416172154
27.43174362	152.86436463137713
27.44124413	199.77271346414716
27.45074654	254.41118761197242
27.46024704	320.6693816094754
27.46974754	398.76399032911695
27.47924805	489.663428203215
27.48874855	579.1898726096127
27.49824905	660.6753380196092
27.50774956	714.6624169011077
27.51725197	748.9555856871332
27.52675247	746.97410616571
27.53625298	724.1189440068948
27.54575348	692.180974770014
27.55525398	650.6944850578694
27.56475449	605.5191349317341
27.5742569	567.0188067061265
27.5837574	514.9257282552051
27.5932579	461.0013862764269
27.60275841	407.70229645255466
27.61225891	348.18640669007186
27.62176323	289.98319467830436
27.63126373	237.18937810126474
27.64076424	198.68804248479583
27.65026665	161.75977998980406
27.65976715	134.57288533257795
27.66926765	117.62262530404138
27.67876816	98.34587531859506
27.68826866	92.25719252284165
27.69776917	87.63900164304222
27.70726967	88.07210829274462
27.71677208	85.07160540850263
27.72627258	90.66208361076063
27.73577309	103.02436768049542
27.74527359	121.41418417197674
27.75477409	150.73086621827792
27.7642746	184.73007683647344
27.77377701	230.95580809119426
27.78327751	288.0318551522753
27.79277802	361.806902931534
27.80227852	451.448924213889
27.81177902	533.3097521107594
27.82127953	627.8551983858831
27.83078384	702.3921385644669
27.84028435	748.9931303588821
27.84978676	767.9334069980181
27.85928726	757.7836395037052
27.86878777	729.5309633316375
27.87828827	694.2111198759382
27.88778877	650.8769638085892
27.89728928	611.6665256275174
27.90678978	568.4570862307082
27.91629219	516.8568729091198
27.92579269	456.70568795667805
27.9352932	401.28585402919515
27.9447937	335.90834017943706
27.9542942	277.8452195207416
27.96379471	230.78135009127888
27.97329712	188.9067118314961
27.98279762	154.70793368944268
27.99229813	123.8163511861319
28.00179863	105.24214067089918
28.01129913	88.10904498890099
28.02079964	74.76927559292348
28.03030396	67.21669449416312
28.03980446	65.22665398344395
28.04930687	55.84488637023897
28.05880737	52.76750229030379
28.06830788	55.51599750843218
28.07780838	50.34042743627856
28.08730888	57.76463608192454
28.09680939	55.6408493870932
28.10630989	55.34429548300163
28.1158123	56.14259701292603
28.12531281	56.080390999527715
28.13481331	59.726896103157976
28.14431381	64.05203599015023
28.15381432	64.50555970534869
28.16331482	70.16761708837561
28.17281723	79.60995866742076
28.18231773	87.65144328423156
28.19181824	101.66079840599421
28.20131874	118.29919475063058
28.21081924	139.21476767925162
28.22031975	173.86887743073135
28.22982025	216.6680071218487
28.23932457	276.4951837342205
28.24882698	356.04546348100405
28.25832748	449.7522217127445
28.26782799	564.1883433172037
28.27732849	701.3277327382845
28.28682899	845.9137175764378
28.2963295	1000.1559687222156
28.30583	1132.253239736893
28.31533241	1232.6765569099584
28.32483292	1287.6261441953225
28.33433342	1291.9287481346473
28.34383392	1244.0818689863625
28.35333443	1186.8976701186123
28.36283493	1114.3317714668358
28.37233543	1039.973949975213
28.38183784	965.7536851290861
28.39133835	889.943154171967
28.40083885	796.7539742180052
28.41033936	703.0770939465613
28.41983986	599.2907167265327
28.42934036	499.87318953495696
28.43884277	406.96517659591956
28.44834518	321.81463180734954
28.4578476	258.35313211211445
28.4673481	204.38266109502007
28.4768486	156.98499104940794
28.48634911	124.71892114343309
28.49584961	103.68398749897005
28.50535011	86.46940670281987
28.51485252	73.50358712279146
28.52435303	68.11732006369631
28.53385353	58.27006808590682
28.54335403	53.99446837705905
28.55285454	45.56080127263382
28.56235504	47.65264837469867
28.57185555	43.28525145703707
28.58135796	40.99056314348333
28.59085846	32.47665173053453
28.60035896	35.71563997687201
28.60985947	34.287408015218915
28.61935997	28.077664198360203
28.62886047	27.54979280843152
28.63836288	28.97660079061346
28.64786339	25.52968142000902
28.65736771	22.150461005447994
28.66686821	19.377209558219974
28.67636871	24.991109738834172
28.68586922	22.674647234846397
28.69536972	19.70193990740618
28.70487022	19.239543440341016
28.71437263	19.366464069594294
28.72387314	21.22644127040647
28.73337364	20.549841598954906
28.74287415	13.642281383957863
28.75237465	16.077909813469454
28.76187515	16.64610206074817
28.77137566	18.902843264526272
28.78087807	17.4468817032893
28.79037857	12.117260575932548
28.79987907	10.391216243014824
28.80937958	17.550724784505512
28.81888008	17.215002662444434
28.82838058	12.33341170198726
28.837883	15.376845440325365
28.8473835	13.654825351244765
28.85688782	8.920236451512972
28.86638832	14.543054162006868
28.87588882	13.564285171831429
28.88538933	12.747692882632816
28.89488983	13.12776241130299
28.90439034	7.782952297174498
28.91389275	13.194407397209938
28.92339325	11.80004604201914
28.93289375	8.12161609780149
28.94239426	8.631772724210801
28.95189476	7.240638861011382
28.96139526	14.24418942883015
28.97089577	12.907771099065364
28.98039818	9.730976609638066
28.98989868	11.922864812858773
28.99939919	6.962355674680041
29.00889969	10.100620627643762
29.01840019	8.586909725372617
29.0279007	11.202621799215326
29.0374012	13.88050197296793
29.04690361	13.525846120292544
29.05640411	11.261342120698677
29.06590843	6.603428004935325
29.07540894	10.272468585765585
29.08490944	10.00019389909065
29.09440994	11.177049783538239
29.10391045	9.055187471943091
29.11341095	10.472736565756916
29.12291336	9.796121217746812
29.13241386	8.392585190743652
29.14191437	8.42034818078292
29.15141487	10.788666052799833
29.16091537	10.79679133719846
29.17041588	8.62054175185039
29.17991829	9.028044133801158
29.18941879	7.189646630588038
29.1989193	12.321222521224968
29.2084198	9.424288301809128
29.2179203	11.610623362657165
29.22742081	6.937738119201027
29.23692131	11.312945918648115
29.24642372	9.301425454071936
29.25592422	6.1731940907584555
29.26542473	12.266874658153903
29.27492905	12.086324493279339
29.28442955	8.584147932499668
29.29393005	12.459028706611669
29.30343056	12.264415981048977
29.31293106	6.246887027879175
29.32243347	11.315360122349453
29.33193398	9.760255973009011
29.34143448	8.409197435956184
29.35093498	6.043467767911207
29.36043549	12.398122502801288
29.36993599	12.07734129577412
29.3794384	9.745194270365552
29.3889389	11.842206565097758
29.39843941	6.201053553829244
29.40793991	7.047316119596935
29.41744041	8.853283675676979
29.42694092	12.86043181956737
29.43644142	8.769919031006651
29.44594383	9.762041968898785
29.45544434	8.614550037546843
29.46494484	9.31415306690188
29.47444534	9.543076326922513
29.48394966	13.416132044769608
29.49345016	8.410800526758972
29.50295067	8.155547555185986
29.51245117	13.123771083485572
29.52195358	10.660554095046766
29.53145409	14.36563195438217
29.54095459	7.8337179857299875
29.55045509	16.149329261898338
29.5599556	10.458237703126837
29.5694561	14.772168063981832
29.57895851	15.18148944611331
29.58845901	13.572125917634132
29.59795952	12.763977963630094
29.60746002	16.49816913966426
29.61696053	16.839876335287222
29.62646103	16.063477648051673
29.63596153	15.305418072835625
29.64546394	24.00993779890163
29.65496445	25.520727045005714
29.66446495	26.55772445373468
29.67396545	30.204617812198325
29.68346596	33.185460936797526
29.69297028	41.04051759679911
29.70247078	57.37666322543749
29.71197128	67.35765767505684
29.72147369	89.16795664940342
29.7309742	109.40190580440178
29.7404747	142.4426349695821
29.7499752	171.3984738464439
29.75947571	197.31771593383672
29.76897621	226.6974946449027
29.77847672	247.90033479552537
29.78797913	254.09607298474083
29.79747963	258.34305370387153
29.80698013	247.9803961482767
29.81648064	240.41864408733605
29.82598114	221.75441448599656
29.83548164	209.84874476341926
29.84498405	203.75439448865447
29.85448456	192.84077320987828
29.86398506	181.47584719191693
29.87348557	161.9372236070922
29.88298607	152.65571520796777
29.89249039	133.15311684935415
29.90199089	126.38596108690786
29.91149139	115.70613646327867
29.9209938	102.4222904532021
29.93049431	95.62058082223135
29.93999481	91.59359679334851
29.94949532	80.2993491683986
29.95899582	70.54968287819202
29.96849632	64.60570538931356
29.97799683	65.67050479068915
29.98749924	55.45222946583406
29.99699974	53.05094114805565
30.00650024	49.99089108590375
30.01600075	50.40333608057893
30.02550125	47.27844214636578
30.03500175	40.78065102780165
30.04450417	32.60279262374148
30.05400467	31.244782321098498
30.06350517	26.97272981412129
30.07300568	28.27101199223992
30.08250618	22.85411984477839
30.09200668	19.46322727015259
30.101511	24.382301134235263
30.11101151	20.627505992822417
30.12051392	15.37120021669492
30.13001442	19.54023881786727
30.13951492	17.792550154511027
30.14901543	18.057894389192985
30.15851593	16.617874957725974
30.16801643	19.81104403595616
30.17751694	22.591086243595008
30.18701935	23.65609960085262
30.19651985	20.235741078798572
30.20602036	20.21261166019323
30.21552086	21.733539012909493
30.22502136	21.723634580619645
30.23452187	26.38760543605317
30.24402428	21.511651534716506
30.25352478	23.446833113955076
30.26302528	29.547164412895317
30.27252579	26.847094049307657
30.28202629	26.77757624720578
30.29152679	26.456930432958806
30.3010273	31.420239351080763
30.31053162	31.519621835629845
30.32003403	36.556227419779255
30.32953453	39.345427039144674
30.33903503	39.963945921372
30.34853554	50.56781941111977
30.35803604	56.521085899706556
30.36753654	59.45013317218986
30.37703705	65.21427140484273
30.38653946	82.28174592722218
30.39603996	95.84365122429367
30.40554047	120.53526932404408
30.41504097	159.4841078713997
30.42454147	207.18833652983903
30.43404198	271.7843664829107
30.44354248	346.1924300623477
30.45304489	443.7943354446161
30.46254539	547.3237771990923
30.4720459	659.2645730522812
30.4815464	772.1390409363657
30.49104691	871.2442166607746
30.50054741	930.5217291529063
30.51004982	956.5404724568251
30.51955414	935.16849987869
30.52905464	900.5165484552073
30.53855515	846.4732978747605
30.54805565	793.9657272887096
30.55755615	741.2581736821409
30.56705666	695.8936663282351
30.57655716	650.014038108856
30.58605957	601.2121108419084
30.59556007	532.2085996996695
30.60506058	460.8248843432859
30.61456108	388.67230696659715
30.62406158	318.24356278998147
30.63356209	260.76161295420786
30.64306259	210.12697397219355
30.652565	166.90825730288006
30.66206551	130.63377259249205
30.67156601	109.27809746856406
30.68106651	87.74789899427039
30.69056702	74.78525571542932
30.70006752	70.97558753789946
30.70956993	59.354248542361496
30.71907043	58.71799249668396
30.72857475	55.379634324773654
30.73807526	48.81871131783479
30.74757576	47.99536007318975
30.75707626	50.513730197090815
30.76657677	47.889614277708304
30.77607727	49.51031356129836
30.78557968	54.36466725784619
30.79508018	55.18185507372254
30.80458069	63.600076599954626
30.81408119	70.46270051435805
30.8235817	88.48909001578517
30.8330822	105.91212431992314
30.8425827	126.45158572572514
30.85208511	150.9511249331539
30.86158562	186.73157999564708
30.87108612	228.51325136987464
30.88058662	276.65184661703347
30.89008713	317.1569918542939
30.89958763	364.3124641390653
30.90909004	407.51366590870566
30.91859055	444.04572018855606
30.92809486	470.3693636237368
30.93759537	478.2856803579299
30.94709587	475.24164802231246
30.95659637	452.7960478314266
30.96609688	425.3294702004569
30.97559738	401.6633176750395
30.98509979	371.9180350849367
30.9946003	344.0624610485413
31.0041008	316.5985568682152
31.0136013	287.7984950772804
31.02310181	258.9859925534815
31.03260231	231.6156834293449
31.04210281	196.8660108996541
31.05160522	161.8803723657441
31.06110573	131.33494350342468
31.07060623	107.2641893732161
31.08010674	90.096412731073
31.08960724	71.99815142080362
31.09910774	59.19102983517142
31.10861015	44.159323957600186
31.11811066	40.74225975639725
31.12761116	31.744896811658553
31.13711548	31.703058397407744
31.14661598	26.43597390989273
31.15611649	26.541361942751
31.16561699	26.290895477221717
31.17511749	26.722514059097826
31.1846199	19.629184617074834
31.19412041	23.146922060955724
31.20362091	18.77608430312852
31.21312141	18.528877448757775
31.22262192	22.448184244031523
31.23212242	15.969986800564852
31.24162292	20.624376360994773
31.25112534	20.693812605518026
31.26062584	19.974324718262558
31.27012634	19.505581116717043
31.27962685	17.793513155761957
31.28912735	14.196035355678717
31.29862785	15.831989568969483
31.30812836	13.04449010363642
31.31763077	14.808947226974361
31.32713127	11.36729678991825
31.33663177	10.241711776371414
31.34613609	12.642019124975901
31.3556366	14.353830321163496
31.3651371	9.621583117015852
31.3746376	11.760452237644019
31.38413811	10.900232881478477
31.39364052	13.470490866999311
31.40314102	12.059743578392554
31.41264153	9.732316637927099
31.42214203	7.509617455967308
31.43164253	14.742396416750342
31.44114304	10.900187863663454
31.45064545	7.927358772338989
31.46014595	8.054616552474105
31.46964645	10.606811722466926
31.47914696	10.998658421173102
31.48864746	13.734410062032884
31.49814796	7.244435958094931
31.50764847	9.112041002810383
31.51715088	11.891064451052479
31.52665138	14.102302444353466
31.53615189	8.735421593275241
31.54565239	14.909123800851276
31.55515671	9.931593408799158
31.56465721	8.74799898006497
31.57415771	8.61946276191429
31.58365822	14.647866510849937
31.59316063	11.757063463035843
31.60266113	16.449753038902834
31.61216164	13.16886979335861
31.62166214	10.388365683988845
31.63116264	15.299273952408683
31.64066315	18.717424064403847
31.65016556	14.978782711057093
31.65966606	18.67788506975422
31.66916656	17.84965884780541
31.67866707	17.028857667663516
31.68816757	23.25402045861852
31.69766808	25.457613555608457
31.70716858	29.56465446813849
31.71667099	34.48709024939612
31.72617149	45.96379699286362
31.735672	52.131870603786005
31.7451725	66.46480977406398
31.754673	83.40430149014988
31.76417732	107.96678253772265
31.77367783	125.9930745591686
31.78317833	155.70263105197418
31.79268074	176.89530167710683
31.80218124	197.75018688515826
31.81168175	206.68587920251892
31.82118225	214.31588224345543
31.83068275	206.3658183578431
31.84018326	193.96901402168294
31.84968567	186.95692057302432
31.85918617	169.9683213722383
31.86868668	165.58508620817472
31.87818718	152.39411237805822
31.88768768	146.06686715530392
31.89718819	135.70204979415053
31.90668869	120.6160325764111
31.9161911	112.05954004740722
31.9256916	95.71519382965172
31.93519211	78.3744856619853
31.94469261	65.93439169967971
31.95419312	51.338907979438524
31.96369743	44.373430925187286
31.97319794	36.60747729289605
31.98269844	35.35097098881519
31.99220085	27.016118850896714
32.00170135	23.815928998266877
32.01119995	25.917026543557885
32.02070236	21.845053878222675
32.03020477	24.05963319223164
32.03970337	17.831562658817393
32.04920578	22.610849829625764
32.05870438	20.894358198182122
32.06820679	17.697841518023203
32.07770538	22.726404386607854
32.08720779	26.689280789653797
32.09671021	26.594258019535914
32.1062088	25.13805511408836
32.11571121	28.583290250763
32.12520981	35.64231189248179
32.13471222	33.87462258693511
32.14421463	43.600444085527585
32.15371323	51.9425273885299
32.16321564	70.09123552259379
32.17271805	89.38600328845634
32.18222046	113.30004290748303
32.19171906	139.75307526550543
32.20122147	167.01360815471534
32.21072006	199.9492772271352
32.22022247	226.40498868177298
32.22972488	248.86029815549193
32.23922348	254.09244901256682
32.24872589	260.93308933680754
32.25822449	251.60196529971498
32.2677269	233.44363580506368
32.27722549	220.45765618684158
32.28672791	212.4946904104008
32.29623032	201.91186844526246
32.30572891	190.9012440572165
32.31523132	183.7248357786354
32.32472992	175.29283185542533
32.33423233	164.14727235656713
32.34373093	152.73110996637223
32.35323334	142.04775813324454
32.36273575	130.58501985829562
32.37223434	114.12077140835325
32.38174057	107.44058238319867
32.39123917	89.62270497943605
32.40074158	78.8473364891755
32.41024017	74.57290618112374
32.41974258	69.07104175405684
32.429245	61.39215410287468
32.43874359	52.1067105952152
32.448246	48.55877384420378
32.4577446	47.514999486868945
32.46724701	46.14678497402998
32.47674561	39.73018778683281
32.48624802	32.896378994343564
32.49575043	29.451519828415478
32.50524902	30.038487732493074
32.51475143	29.432438091423485
32.52425003	25.37866075649925
32.53375244	18.07991569906385
32.54325104	21.899262888741156
32.55275345	20.42888318565681
32.56225586	12.547970184638306
32.57175446	12.961470180013851
32.58125687	12.424750898361946
32.59075928	15.21023036868845
32.60026169	17.595156592681246
32.60976028	10.591566220932902
32.6192627	14.31715260502575
32.62876511	11.147493684849868
32.6382637	16.10933880285606
32.64776611	14.73404541664437
32.65726471	12.720229223734172
32.66676712	18.806775789186247
32.67626572	20.88396700852736
32.68576813	16.48374531140956
32.69527054	19.657521963151794
32.70476913	23.49855812502166
32.71427155	30.870509699770906
32.72377014	38.463633834525425
32.73327255	41.659437125981114
32.74277115	53.12217956189912
32.75227356	65.36414532889948
32.76177597	71.99793927315886
32.77127457	84.19189908435277
32.78077698	86.8323826984397
32.79027939	87.84576872162823
32.7997818	95.4595945809109
32.8092804	85.22955836746
32.81878281	86.88978101499349
32.82828522	75.39476196044338
32.83778381	75.29329301514096
32.84728622	72.09400495897349
32.85678482	67.14042038162489
32.86628723	67.88851100726683
32.87578583	57.745187457608765
32.88528824	59.186766521880735
32.89479065	54.140307572387854
32.90428925	48.64440677399347
32.91379166	38.904419829909585
32.92329025	37.742420055195765
32.93279266	28.7029076883764
32.94229126	32.01425881067486
32.95179367	24.94388622343086
32.96129608	26.430368161006996
32.97079468	25.36990477196102
32.98029709	28.91386510528816
32.98979568	32.33092674759139
32.99930191	42.23868413176315
33.00880051	45.035301526886286
33.01830292	51.31430697877819
33.02780533	66.51607627523617
33.03730392	73.44922067730539
33.04680634	84.84687072452412
33.05630493	96.28872572063425
33.06580734	104.07405549477804
33.07530594	107.89237099542241
33.08480835	105.67648538994685
33.09431076	101.30210004908403
33.10380936	96.93546464714719
33.11331177	92.3631557836791
33.12281036	83.93324723059371
33.13231277	84.56702737241581
33.14181137	80.69334878243149
33.15131378	75.91210156150522
33.16081619	70.29540334103068
33.17031479	66.51518298271048
33.1798172	59.577291478410174
33.1893158	53.87944353118633
33.19881821	43.87632740669939
33.20832062	42.8853558163839
33.21782303	34.56390300199317
33.22732544	35.16458580173001
33.23682404	35.16488550938604
33.24632645	33.683547303563685
33.25582504	29.253542614193897
33.26532745	30.75455903440624
33.27482605	37.330373063294324
33.28432846	33.25077498631267
33.29383087	45.07235329714125
33.30332947	46.55874275123011
33.31283188	58.53548291627984
33.32233047	64.46398374175145
33.33183289	77.42762638353975
33.34133148	94.71408316442765
33.35083389	109.51148701547798
33.3603363	118.42891073051311
33.3698349	129.1424558316932
33.37933731	137.33411482395167
33.38883591	141.13625180502697
33.39833832	138.83986567875826
33.40783691	140.56839191316053
33.41734314	137.38811954704238
33.42684555	133.84351795027402
33.43634415	135.64527310620457
33.44584656	144.25814266981945
33.45534515	154.68378745124906
33.46484756	166.94859745524542
33.47434616	186.65210251048097
33.48384857	211.1423365508725
33.49335098	235.77172919616834
33.50284958	283.08736119708465
33.51235199	331.6062910600486
33.52185059	394.46387075919324
33.531353	470.72085650553015
33.54085159	556.6579311258271
33.550354	645.9824883538444
33.55985641	739.0907284232825
33.56935501	830.1170463857093
33.57885742	903.1330039378947
33.58835602	947.7945825992452
33.59785843	952.389089546649
33.60735703	920.8168456346986
33.61685944	872.9235609648277
33.62636566	812.3745684968051
33.63586426	756.4338286278618
33.64536667	705.3493159785216
33.65486145	657.9735275992448
33.66436386	619.392916482039
33.67386627	580.2707384760206
33.68336868	527.2863775175384
33.69287109	474.6241200285772
33.70236969	410.85013551533035
33.7118721	345.20327866252046
33.7213707	282.35140612724973
33.73087311	230.02593814220788
33.7403717	186.15541626176753
33.74987411	143.30649158409327
33.75937653	113.54036670529882
33.76887512	91.95432561914684
33.77837753	76.04271435485526
33.78787613	64.8775252151705
33.79737854	50.77230840904741
33.80687714	49.85296281997685
33.81637955	38.47986909489977
33.82588196	37.913578046281565
33.83538055	33.21978933779768
33.84488297	29.421095384699676
33.85438156	32.73835528125421
33.86388397	31.649065398451366
33.87338257	28.939946950688856
33.88288879	24.564083162745796
33.8923912	25.920504424550863
33.9018898	25.65244562735426
33.91139221	20.550818830172133
33.92089081	16.437696620568893
33.93039322	17.01818234441566
33.93989182	17.08307388837177
33.94939423	18.9491090412194
33.95889664	13.886623037456934
33.96839523	12.13166456079105
33.97789764	13.193601721784617
33.98739624	16.216642379580836
33.99689865	14.381663133324857
34.00639725	10.753970149937487
34.01589966	11.047400752416447
34.02540207	12.20331886163769
34.03490067	16.011307202501946
34.04440308	9.300619356068967
34.05390167	15.056352074421813
34.06340408	7.846120584169668
34.07290268	14.735901779620018
34.08240509	12.144798685008391
34.09191132	8.431960949908579
34.10140991	12.611830228691554
34.11091232	12.35917061295335
34.12041092	12.14235650665102
34.12991333	11.476485247282987
34.13941193	7.992594753609907
34.14891434	11.448125528390316
34.15841675	12.483077123387726
34.16791534	5.478471997603103
34.17741776	13.102756148803504
34.18691635	9.443308777542097
34.19641876	9.912820945046093
34.20591736	11.846520124400683
34.21541977	11.359999574306407
34.22492218	12.311840389399304
34.23442078	5.0554309579688175
34.24392319	6.061894459921839
34.25342178	9.421977421966805
34.26292419	5.4852774392717345
34.27242279	10.690588536514834
34.2819252	6.165400037592785
34.29143143	11.303489705666095
34.30093002	10.359329615826034
34.31043243	7.209127479212986
34.31993103	5.008798546364758
34.32943344	4.373135695054453
34.33893204	9.740120014614568
34.34843445	5.295218261126495
34.35793686	3.915701420328073
34.36743546	7.148908878679448
34.37693787	8.069904888292761
34.38643646	5.836302560500705
34.39593887	4.230002986833681
34.40543747	10.725281550512488
34.41493988	5.761148138316235
34.42444229	5.293590805849169
34.43394089	11.31451390465108
34.4434433	8.549951273689294
34.45294189	4.351627559480311
34.46244431	8.671481917027783
34.4719429	5.122318704499065
34.48144531	9.673928426065398
34.49094772	12.108900239976679
34.50045013	11.650852389832409
34.50995255	8.386263465674478
34.51945114	13.34989357503434
34.52895355	12.107364018430049
34.53845215	12.992033936260455
34.54795456	17.584096735196283
34.55745697	13.833175838046131
34.56695557	20.180029243229296
34.57645798	17.699606011493
34.58595657	15.891253589379378
34.59545898	12.188062349305216
34.60495758	17.140574220767764
34.61445999	10.857712836406511
34.6239624	12.892200365739319
34.633461	16.975757078978983
34.64296341	14.103503307939574
34.65246201	9.698137538410432
34.66196442	14.418309350005195
34.67146301	14.983672023382894
34.68096542	11.999807645764825
34.69046783	7.596472958244395
34.69996643	11.254076687470096
34.70947266	12.6257070604617
34.71897125	8.018736009609633
34.72847366	10.833613859648505
34.73797226	6.139028181886816
34.74747467	10.602929089680481
34.75697708	7.667493714171485
34.76647568	10.168262417548785
34.77597809	5.497252951766711
34.78547668	4.3544042813529265
34.7949791	8.24506942542051
34.80447769	4.6924700566614606
34.8139801	10.584864551656867
34.82348251	8.119059582231081
34.83298111	4.832892942892384
34.84248352	10.212647642416211
34.85198212	5.167521547932536
34.86148453	5.138218470793456
34.87098312	6.622785072150177
34.88048553	6.862277213845188
34.88998795	7.143289948638046
34.89948654	8.098759940358395
34.90898895	5.984273161378526
34.91849136	7.621474616468475
34.92799377	6.292585972499723
34.93749237	7.5098174033879
34.94699478	10.141031359965531
34.95649719	10.731539292131352
34.96599579	10.24755884088065
34.9754982	7.38742506116404
34.9849968	7.575063995859608
34.99449921	11.136492843973514
35.0039978	6.594019420703495
35.01350021	8.788373792495427
35.02300262	10.549553537505108
35.03250122	7.707217412997121
35.04200363	10.507099349616013
35.05150223	7.727025456633698
35.06100464	8.769758080385913
35.07050323	15.020146642851264
35.08000565	11.747603539804679
35.08950806	11.569299904002069
35.09900665	12.225470259858213
35.10850906	13.554420497213393
35.11800766	15.342145114507872
35.12751389	18.643419903924368
35.13701248	15.629268669893175
35.14651489	21.400632058321243
35.1560173	22.311199088611843
35.1655159	26.656413447633067
35.17501831	29.952615764628526
35.18451691	33.99636680494677
35.19401932	38.07187844653208
35.20351791	51.36703109059571
35.21302032	63.69948488955407
35.22252274	82.18337967416034
35.23202133	103.60348154147019
35.24152374	129.7728638201943
35.25102234	161.73728403173553
35.26052475	192.54769018321792
35.27002335	223.98207188814803
35.27952576	247.87510685745417
35.28902817	266.96280409965
35.29852676	264.0805501975788
35.30802917	261.26429571048374
35.31752777	242.2679816934904
35.327034	228.9810845728035
35.33653259	209.2742335478186
35.346035	202.3125386332213
35.3555336	190.40387284291083
35.36503601	180.0020195737986
35.37453842	171.6082819960617
35.38403702	162.76889958184563
35.39353943	150.6476717331256
35.40303802	136.84438043287062
35.41254044	120.72671958060997
35.42204285	99.40446251123983
35.43154144	89.1146114686044
35.44104385	70.68948627417242
35.45054245	62.32498182523057
35.46004486	51.680102297879706
35.46954346	38.79041432359123
35.47904587	37.58286368374762
35.48854828	34.27908080889978
35.49804688	32.71081623576611
35.50754929	31.086813092500286
35.51704788	25.371443466422463
35.52655029	25.64645055507653
35.5360527	28.126494745982914
35.54555511	31.836620905151992
35.55505371	30.64590082799916
35.56455612	39.08267188096483
35.57405853	39.18646521836565
35.58355713	48.88566023695852
35.59305954	59.68581877316678
35.60255814	72.8793995461906
35.61206055	90.92104856184952
35.62156296	118.41480910728419
35.63106155	150.9306103052624
35.64056396	183.57540283066515
35.65006256	230.23262010169097
35.65956497	270.0877709073884
35.66906357	309.60756306894
35.67856598	339.61882946059535
35.68806839	352.0822192006685
35.69756699	353.26891984934025
35.7070694	338.8038289337828
35.71656799	322.71970865522104
35.7260704	296.55946297853023
35.735569	279.81486670672433
35.74507523	264.09335945570587
35.75457382	251.92351860046892
35.76407623	250.33536062372386
35.77357864	245.94077237372184
35.78307724	235.43290132530723
35.79257965	227.89040928413675
35.80207825	218.37150319032804
35.81158066	205.69256717059804
35.82108307	197.41775759028147
35.83058167	185.46914021896225
35.84008408	178.9601886033606
35.84958267	176.33870474167526
35.85908508	169.4932688824042
35.86858368	154.56626049245347
35.87808609	144.78218992431098
35.8875885	133.05942526856205
35.8970871	123.21034601788142
35.90658951	113.1288985506185
35.9160881	104.00613668943491
35.92559052	94.53709257972294
35.93508911	93.35824157652083
35.94459152	86.06679669649316
35.95409393	81.20609414673083
35.96359634	78.34385699115009
35.97309875	73.29619758807569
35.98259735	63.28757988232145
35.99209976	57.02917363559096
36.00159836	43.6792122539239
36.01110077	40.4940310230463
36.02060318	35.94042561076847
36.03010178	30.52614951311383
36.03960419	22.029417243445835
36.04910278	22.102023030978945
36.05860519	19.302422314118065
36.06810379	18.651961105815573
36.0776062	18.94508058803313
36.08710861	14.790446662431254
36.09660721	17.197991977525845
36.10610962	13.801947702338884
36.11560822	17.04669872180785
36.12511063	19.67716051680167
36.13460922	20.62140211162334
36.14411163	21.883421263894792
36.15361404	20.1322811901907
36.16311646	20.01180838351418
36.17261887	25.844886497154533
36.18211746	31.815922861857725
36.19161987	37.30165222408872
36.20111847	45.381694100629694
36.21062088	46.404257303929384
36.22011948	57.49784069011412
36.22962189	64.38903940054857
36.2391243	62.82362276483389
36.24862289	66.78691013653345
36.25812531	64.07810660392556
36.2676239	62.39595583321598
36.27712631	54.89883034061558
36.28662872	55.73010970456696
36.29612732	52.478097478214885
36.30562973	45.62643465038593
36.31512833	43.5148180749266
36.32463074	43.073327577367245
36.33412933	47.68116084733448
36.34363174	43.06035478903006
36.35313416	40.80374059782162
36.36263657	33.45811226967476
36.37213898	29.33587111773593
36.38163757	26.54926327136319
36.39113998	22.835773912955982
36.40063858	19.89201111334997
36.41014099	19.786982008829604
36.41963959	14.214253619240614
36.429142	11.227020437896087
36.43864441	18.27267334951833
36.44814301	15.934055025473661
36.45764542	14.00397503951636
36.46714401	17.360267083014193
36.47664642	17.106922098634186
36.48614883	18.859129938287477
36.49564743	18.42850890948509
36.50514984	23.172737844849568
36.51464844	25.057087402300994
36.52415085	26.807425357015262
36.53364944	31.92534070220932
36.54315186	24.68971134028044
36.55265427	25.54963095306717
36.56215286	26.937710567274777
36.57165909	22.456284951454506
36.58115768	24.725187748279396
36.5906601	25.52348753081469
36.60015869	22.93529846207061
36.6096611	17.20212543756558
36.6191597	18.22961614839722
36.62866211	23.218381270547134
36.63816452	21.527264296886795
36.64766312	18.24777735071187
36.65716553	17.59405510116366
36.66666412	10.853120564648279
36.67616653	12.923752728316344
36.68566895	13.38455050265797
36.69516754	9.260325749325961
36.70466995	15.287148271812226
36.71416855	10.734699438019767
36.72367096	12.819112046629698
36.73316956	16.48356771012783
36.74267197	15.316625469129054
36.75217438	20.20686929278922
36.76167297	20.89125493958601
36.77117538	24.457756824974147
36.7806778	26.14331527119564
36.79018021	30.442987208597224
36.7996788	32.703295987640495
36.80918121	39.06630696965361
36.81867981	37.81731118669879
36.82818222	39.52277834671659
36.83768463	40.56743810485393
36.84718323	40.42942661883405
36.85668564	39.662841210229935
36.86618423	32.733090835860125
36.87568665	36.69870619793516
36.88518524	31.952904279373115
36.89468765	33.88244163695799
36.90419006	30.068557258504967
36.91368866	32.466374743293144
36.92319107	33.29762899462802
36.93268967	37.932962399191446
36.94219208	42.89391200891664
36.95169449	42.294569074680055
36.96119308	42.84765356810231
36.9706955	51.256922708501534
36.98019409	54.56262677701397
36.98970032	55.21919286190376
36.99919891	66.15184941380807
37.00870132	64.71603712517589
37.01819992	64.6089998347091
37.02770233	62.064791996091245
37.03720474	52.313228957597495
37.04670334	52.0024185605789
37.05620575	43.72357397062464
37.06570435	40.772274616637525
37.07520676	39.034969367944385
37.08470535	44.484574126750296
37.09420776	43.427769005172706
37.10371017	36.297187370572885
37.11320877	35.31548460118011
37.12271118	32.48314723217724
37.13220978	30.516580803657142
37.14171219	28.791489189709313
37.1512146	23.278143106133157
37.1607132	16.81010953851124
37.17021561	13.256994629509496
37.1797142	11.240953396299737
37.18922043	15.203477057918748
37.19871902	10.284862620494042
37.20822144	12.877414828446891
37.21772003	10.76537677698695
37.22722244	12.389993997875223
37.23672485	10.991633508402268
37.24622345	10.895796688636572
37.25572586	11.38160267408152
37.26522446	12.622958500475718
37.27472687	7.112400457516099
37.28422546	12.749023581371496
37.29372787	8.679426703245433
37.30323029	9.74893503434458
37.31272888	9.775729136219592
37.32223129	10.170969094185404
37.33172989	13.15627208207154
37.3412323	13.06305835188718
37.35073471	12.783529745981399
37.36023331	10.77418794118556
37.36973572	9.974133161507854
37.37923431	14.417736321193338
37.38873672	11.707135548758846
37.39823914	12.66002758028782
37.40774155	13.036717789022319
37.41724014	13.285509520568196
37.42674255	15.112927787353769
37.43624496	18.85959737791957
37.44574356	19.40261341183792
37.45524597	29.063176042641558
37.46474457	30.15056097027201
37.47424698	43.628938999623855
37.48374557	53.552304650044576
37.49324799	55.8417703019785
37.5027504	69.29433539203035
37.51224899	74.93557012249009
37.5217514	84.57951094151535
37.53125	90.73194206914074
37.54075241	90.54692121525079
37.55025101	96.64597088142003
37.55975342	102.18330944448024
37.56925583	98.33226975692514
37.57875443	104.8545526836619
37.58825684	108.72474918160091
37.59775543	111.31638997629014
37.60726166	107.80951683975057
37.61676025	103.24022499947455
37.62626266	103.06940422502898
37.63576508	95.74703425864092
37.64526367	86.66524634725049
37.65476608	78.56614546923538
37.66426468	75.01471983044112
37.67376709	71.95124825064609
37.68326569	61.25447739245417
37.6927681	59.21558918123939
37.70227051	59.27972724916806
37.7117691	53.90734536649342
37.72127151	47.927472027546365
37.73077011	44.122186021833855
37.74027252	38.058967140038064
37.74977112	32.299369646073416
37.75927353	33.00881086929992
37.76877594	29.847242031618695
37.77827454	31.782252567584727
37.78777695	32.371283763022404
37.79727554	36.616698598453794
37.80677795	47.65780578057249
37.81628036	53.063352889743996
37.82578278	59.644801520957536
37.83528519	74.14021455165398
37.84478378	84.16582007297612
37.85428619	94.60551779443095
37.86378479	114.25160664899731
37.8732872	126.63635668899371
37.8827858	142.5966409649125
37.89228821	160.70567145303633
37.90179062	171.33452998293546
37.91128922	177.11189761263805
37.92079163	185.59703241181467
37.93029022	197.1367386011814
37.93979263	203.7284973507334
37.94929123	206.97875059258067
37.95879364	207.22733863510786
37.96829605	206.5325986215433
37.97779465	195.80235568748068
37.98729706	185.92244571756504
37.99679565	172.71430055060054
38.00629807	162.85424182238046
38.01580048	148.49839882025663
38.02530289	131.66724066686083
38.0348053	120.30616645060731
38.04430389	112.21621566987145
38.0538063	105.29168450036111
38.0633049	100.3449940085954
38.07280731	89.42149815457827
38.08230591	74.69719622588183
38.09180832	62.09968831000167
38.10131073	59.08673647762699
38.11080933	46.58277158047976
38.12031174	38.22077354794298
38.12981033	28.675131835112012
38.13931274	28.113934002846968
38.14881134	19.464836145366252
38.15831375	18.818541935165545
38.16781616	12.716940037541583
38.17731476	16.358753672970334
38.18681717	15.068768683002927
38.19631577	10.94582589375625
38.20581818	7.921266917831884
38.21531677	10.271680531111278
38.224823	12.586535036979615
38.23432541	8.847500262944344
38.24382401	11.92935661915238
38.25332642	8.497809722950187
38.26282501	5.061116444865894
38.27232742	7.049637112465129
38.28182602	9.440926493158145
38.29132843	7.160276654835626
38.30083084	7.408269291274722
38.31032944	11.258076289215339
38.31983185	4.884655791178775
38.32933044	8.332780006648042
38.33883286	8.988321794782646
38.34833145	9.803426681181787
38.35783386	3.6274672480564765
38.36733627	5.7901088905456675
38.37683487	5.8953989087618766
38.38633728	8.996834214189478
38.39583588	3.3860252794142913
38.40533829	7.103505108897351
38.41483688	7.036443181210625
38.42433929	6.817516303826112
38.43384552	9.971087529726153
38.44334412	7.812419299507509
38.45284653	9.643875534019294
38.46234512	2.836110456953322
38.47184753	7.415395435021987
38.48134613	8.066088096227249
38.49084854	5.581839309585145
38.50035095	4.7522127978097135
38.50984955	3.718471712029003
38.51935196	8.643665575962949
38.52885056	8.032319111187125
38.53835297	3.3432723944726157
38.54785156	3.4811153842402107
38.55735397	6.627127127543606
38.56685638	6.455041202151957
38.57635498	8.636534816257726
38.58585739	7.111993244717412
38.59535599	7.162363381608503
38.6048584	1.7360060068802534
38.61435699	4.345577932514103
38.62385941	3.050042696434514
38.63336182	7.4722978371169635
38.64286423	4.374619849181651
38.65236664	8.812979267016727
38.66186523	1.9539084336574248
38.67136765	5.452927224970563
38.68086624	1.4945384963519772
38.69036865	5.605873432707405
38.69987106	1.4586171430829238
38.70936966	6.850243742281782
38.71887207	6.693438675950379
38.72837067	7.906511597131622
38.73787308	3.795277434575282
38.74737167	6.8126331605773585
38.75687408	2.600543924562818
38.7663765	6.684970367203274
38.77587509	5.903783836290925
38.7853775	7.2537630692165695
38.7948761	3.5959084804068384
38.80437851	2.5016757952447843
38.81387711	4.074116413757206
38.82337952	8.576873622225936
38.83288193	4.643099257538474
38.84238052	3.636376732527789
38.85188675	6.253655771740007
38.86138535	4.033003100468488
38.87088776	3.9624445094382845
38.88038635	4.743044186487662
38.88988876	8.404999187966117
38.89939117	8.076651631843761
38.90888977	4.846343051450887
38.91839218	3.6069423312450435
38.92789078	5.80769197523257
38.93739319	6.852508805189924
38.94689178	8.756042497018754
38.9563942	7.959345083806833
38.96589661	8.688900624348515
38.9753952	7.421388114623784
38.98489761	8.970665534643988
38.99439621	11.638927242305936
39.00389862	7.402714248029591
39.01339722	5.933263702061249
39.02289963	7.6815109357623035
39.03240204	9.8711408106148
39.04190063	9.046781792655914
39.05140305	9.38249160312329
39.06090546	6.135888269641955
39.07040787	12.451622514429578
39.07990646	10.133014365632352
39.08940887	9.295763547021798
39.09891129	7.36870942461667
39.10840988	8.763841978416954
39.11791229	10.207663131655718
39.12741089	6.779984127722956
39.1369133	8.304324653961121
39.1464119	9.461326195527658
39.15591431	6.538888765797736
39.16541672	8.238485242082563
39.17491531	13.16028255114798
39.18441772	10.083464464830033
39.19391632	10.706996183507055
39.20341873	12.757524546454277
39.21291733	8.199258945897487
39.22241974	10.80054622636063
39.23192215	5.603348387917234
39.24142075	11.52949045639323
39.25092316	7.258315308259703
39.26042557	4.59934790902662
39.26992798	5.742511778412402
39.27942657	6.795296793146147
39.28892899	8.457719530142901
39.2984314	9.06209596328084
39.30792999	9.117026400337211
39.3174324	8.108504256967157
39.326931	4.418309770560555
39.33643341	7.885292447972546
39.34593201	4.7626833978725145
39.35543442	5.006610982709257
39.36493683	5.8551025356893085
39.37443542	7.47916834194283
39.38393784	2.5352853600844107
39.39343643	4.582163160120948
39.40293884	3.7327462204439916
39.41243744	2.748033346180467
39.42193985	4.137955239293006
39.43144226	8.866096654666794
39.44094086	1.2970304351647395
39.45044327	5.47980921376906
39.45994186	3.3536069344238495
39.46944809	7.953295966087083
39.47894669	7.550105848462197
39.4884491	8.390256535293952
39.49795151	5.777075698368025
39.5074501	8.936296325360413
39.51695251	5.65596713085639
39.52645111	9.03029025035496
39.53595352	2.2613147749683637
39.54545212	4.391488067927055
39.55495453	6.515076368248691
39.56445694	5.6659248288747825
39.57395554	4.5095389180714465
39.58345795	4.659910983353488
39.59295654	9.283927285774235
39.60245895	2.328253008453652
39.61195755	7.737944929699145
39.62145996	2.5166005651447283
39.63096237	6.471087614177241
39.64046097	8.179009636138767
39.64996338	2.8016233984011274
39.65946198	3.074803238782925
39.66896439	4.507888076465185
39.6784668	2.3513239383586484
39.68796921	5.865622815144782
39.69747162	7.69063250709099
39.70697021	2.6146957905455124
39.71647263	8.200208874447119
39.72597122	3.6682839586494858
39.73547363	5.407663846731454
39.74497223	8.473873309868221
39.75447464	4.414800418830257
39.76397705	10.505254590653253
39.77347565	9.971778488448066
39.78297806	7.346405877892928
39.79247665	5.50006680859555
39.80197906	3.8637100140582956
39.81147766	4.785047314880158
39.82098007	8.643956019957074
39.83048248	11.164731248924763
39.83998108	10.318485473738269
39.84948349	11.536044268624732
39.85898209	8.29534126151935
39.8684845	13.238060412475058
39.87798309	7.332632521288965
39.88748932	13.867263645123451
39.89698792	13.759847343971948
39.90649033	9.20204546279476
39.91599274	12.63590474712856
39.92549133	19.89328271871954
39.93499374	15.280807562772466
39.94449234	19.343791418669376
39.95399475	29.402043750402868
39.96349716	37.20538584086384
39.97299576	44.511020862692476
39.98249817	54.00009678925972
39.99199677	67.56271831859536
40.00149918	77.99570341335584
40.01099777	91.2510572560114
40.02050018	97.5245287624105
40.03000259	105.7995471046294
40.03950119	107.72482940162298
40.0490036	105.76885531148862
40.0585022	106.81783752377515
40.06800461	101.31654453306164
40.0775032	95.90099652377022
40.08700943	99.93893516324262
40.09650803	103.58207098484806
40.10601044	105.80694163379948
40.11551285	106.86826009664469
40.12501144	104.84103113787535
40.13451385	99.72287258538024
40.14401245	92.18321274465023
40.15351486	88.626196189054
40.16301727	73.75919882775335
40.17251587	64.49814224265741
40.18201828	57.86926438350514
40.19151688	54.51093704278598
40.20101929	52.6028458510731
40.21051788	44.07235275209409
40.22002029	41.01281053930556
40.22952271	36.32379752056575
40.2390213	36.102956348828805
40.24852371	32.09485043548171
40.25802231	23.48046525635728
40.26752472	19.696983996134428
40.27702332	18.171589211078892
40.28652573	21.333256938646713
40.29602814	20.188077459367378
40.30553055	13.70997907793917
40.31503296	11.020017415332713
40.32453156	16.34225310197338
40.33403397	15.844639799769446
40.34353256	14.246461417080654
40.35303497	8.952297670206487
40.36253738	15.113606117324814
40.37203598	9.058145341676084
40.38153839	9.706233123524097
40.39103699	12.327259534461666
40.4005394	17.82314455094729
40.41003799	15.30284416318726
40.41954041	15.150751193419005
40.42904282	23.724015296695928
40.43854141	22.503506843085447
40.44804382	28.842242446125894
40.45754242	37.51346059870946
40.46704483	43.57946378977168
40.47654343	56.57475486999071
40.48604584	63.74973304193777
40.49554825	74.39221047594921
40.50505066	74.86383800120814
40.51455307	77.05693343089165
40.52405167	80.2484470001547
40.53355408	72.35470530060569
40.54305267	68.25043763750914
40.55255508	64.51224217155973
40.56205368	57.11057857734133
40.57155609	53.970711785691705
40.5810585	48.367143823045986
40.5905571	53.260003169137185
40.60005951	51.42335510260674
40.60955811	46.854147465257824
40.61906052	51.585060033191624
40.62856293	46.670541292426364
40.63806152	43.95121581043641
40.64756393	37.72997848756848
40.65706253	30.697872937259962
40.66656494	32.87229780713663
40.67606354	24.178509899078023
40.68556595	25.873786943778168
40.69506836	22.909836905119594
40.70456696	16.730299034915888
40.71407318	21.074946720543217
40.72357178	17.325408632241448
40.73307419	18.476544389693256
40.74257278	17.347807547066644
40.7520752	19.484513250299166
40.76157379	18.53640916274118
40.7710762	14.129194324140013
40.78057861	18.177261987652855
40.79007721	14.190153916593134
40.79957962	15.62446658752283
40.80907822	18.26817052554397
40.81858063	21.52655044627571
40.82808304	25.602560870305563
40.83758163	24.018520366461203
40.84708405	22.261770082459865
40.85658264	29.079257205568254
40.86608505	32.94877294826074
40.87558365	36.78589356039533
40.88508606	45.751444459661776
40.89458847	52.89515243083063
40.90408707	64.67069527170634
40.91358948	80.92755748335037
40.92309189	103.65852058792142
40.9325943	125.09916049405102
40.9420929	160.41198994399466
40.95159531	197.9378867655082
40.9610939	237.23101623668254
40.97059631	280.92640138930767
40.98009872	315.04258735600945
40.98959732	351.45141681993454
40.99909973	372.8903284987009
41.00859833	391.79061215919864
41.01810074	396.5744094093752
41.02760315	391.4843776373226
41.03710175	389.9566209637747
41.04660416	375.5134415705576
41.05610275	360.09512635167863
41.06560516	350.32211566340703
41.07510376	329.50393322919905
41.08460617	321.5542816875431
41.09410858	313.0309463844927
41.10360718	300.9959522207627
41.11310959	283.73877567274855
41.122612	274.6223338297506
41.13211441	255.47187766716957
41.14161301	239.59406332551796
41.15111542	223.23706091508632
41.16061401	198.09387377743852
41.17011642	167.24128437984527
41.17961884	146.80662310788014
41.18911743	127.28434220275231
41.19861984	103.13937121378106
41.20811844	89.72207344048292
41.21762085	77.19617455281887
41.22711945	70.5670319548973
41.23662186	61.72245161500521
41.24612427	53.30135378398176
41.25562286	42.94333207827191
41.26512527	41.61013462481398
41.27462387	33.82152981389953
41.28412628	32.586585664668455
41.29362869	25.71942091300597
41.30312729	29.029978165041427
41.3126297	19.642639558461674
41.3221283	17.35852317526539
41.33163452	16.743077987590432
41.34113312	18.736662917722562
41.35063553	14.954705646046802
41.36013412	20.18265235346631
41.36963654	15.729686512347975
41.37913895	16.142698756479586
41.38863754	11.643275759532944
41.39813995	17.071754465944075
41.40763855	15.124704788182886
41.41714096	12.19764682123881
41.42663956	15.580511820101695
41.43614197	16.538640260347602
41.44564438	13.930993495430306
41.45514297	13.61151935860535
41.46464539	12.715443172222574
41.47414398	10.733256259882113
41.48364639	16.75317650300505
41.4931488	17.499637587104814
41.5026474	17.612852321532966
41.51214981	16.64694937451419
41.52164841	16.61772350419622
41.53115082	20.822178660358176
41.54065323	25.155238263798775
41.55015564	25.380568615077888
41.55965424	26.28287770161439
41.56915665	32.462073521147666
41.57865906	29.884419955373986
41.58815765	30.79614330403295
41.59766006	37.95864468195874
41.60715866	37.42823877266348
41.61666107	33.400385482691505
41.62615967	36.476939554931796
41.63566208	36.78598443006204
41.64516449	40.42864859705912
41.65466309	41.899940405367225
41.6641655	50.537727675198624
41.67366409	64.61165556903109
41.6831665	78.76987594270335
41.69266891	94.55545564574876
41.70216751	106.87008933608111
41.71166992	126.38002126662897
41.72116852	146.5822535829414
41.73067093	166.2088084968167
41.74016953	179.08083836083006
41.74967575	186.78953687927913
41.75917435	181.21843289976863
41.76867676	166.0523678437003
41.77817917	151.13918265781479
41.78767776	141.84980981915402
41.79718018	125.19141992981638
41.80667877	115.29833393481992
41.81618118	108.82028260781355
41.82567978	112.5837380383727
41.83518219	112.18160802960837
41.8446846	113.35991975441081
41.8541832	113.6567672277282
41.86368561	103.59612078635558
41.8731842	99.75289274857485
41.88268661	90.40466207426763
41.89218903	87.31287696294977
41.90168762	81.39549442136861
41.91119003	76.65114936534295
41.92068863	73.12563147518195
41.93019104	74.48330843049811
41.93968964	69.78184694154659
41.94919205	77.41015935677746
41.95869446	75.3879597358016
41.96819687	81.45473480772297
41.97769928	81.3508707334243
41.98719788	76.63860370781632
41.99670029	78.00178752043173
42.00619888	74.75692591771691
42.01570129	62.128349406721604
42.02519989	63.69747826276041
42.0347023	57.697417154321904
42.04420471	60.83226966234786
42.05370331	67.00184336048277
42.06320572	66.67837942952323
42.07270432	73.36925452328447
42.08220673	79.60646648419247
42.09170532	89.6787321007522
42.10120773	106.7705361377574
42.11071014	127.93791268473687
42.12020874	144.65526194875747
42.12971115	169.19115268180428
42.13920975	201.027749600083
42.14871216	223.66191636163194
42.15821457	247.3827569768269
42.16771698	268.92926245727944
42.17721939	265.5292523373117
42.18671799	256.1296510723028
42.1962204	242.74700754337525
42.20571899	213.1243496220094
42.21522141	192.9864973165931
42.22472	179.0112729742824
42.23422241	164.02745434539912
42.24372482	158.90818934247787
42.25322342	153.74826902195898
42.26272583	157.0035708203687
42.27222443	154.14305316175216
42.28172684	156.12915419863896
42.29122543	148.61830797078002
42.30072784	136.91894114557675
42.31023026	114.71757576890012
42.31972885	100.22033822991085
42.32923126	84.29802565593619
42.33872986	65.47856712373888
42.34823227	56.42249573203817
42.35773468	40.912201897903756
42.36723709	38.89205655030137
42.3767395	28.416227481603755
42.3862381	23.232193627108458
42.39574051	22.040248198508486
42.40523911	22.489059526863883
42.41474152	16.573750986719133
42.42424011	16.512627817478457
42.43374252	14.704548157398804
42.44324493	17.206654094950004
42.45274353	14.606985503501953
42.46224594	13.978982403193626
42.47174454	8.78875506618973
42.48124695	13.053916829730817
42.49074554	8.476655958991088
42.50024796	9.532693438443756
42.50975037	11.240528126414468
42.51924896	9.240079602174834
42.52875137	14.907184493553862
42.53824997	12.122419986018514
42.54775238	15.18128955158244
42.55725479	18.611309157860262
42.56675339	13.970016661218818
42.57625961	17.056589071714733
42.58575821	19.83435943762431
42.59526062	20.300796421063
42.60475922	14.476937548154687
42.61426163	12.120073161760782
42.62376022	12.169428673015595
42.63326263	16.595842651937094
42.64276505	10.801134747839718
42.65226364	13.82151613878025
42.66176605	14.492457569395581
42.67126465	11.907468697186033
42.68076706	10.01588056943546
42.69026566	10.228177474179029
42.69976807	7.871667998720193
42.70927048	7.831180714251542
42.71876907	7.60773131533724
42.72827148	6.125232095289908
42.73777008	11.048356000864885
42.74727249	11.841208379880726
42.75677109	9.383012097602151
42.7662735	6.570837684829015
42.77577591	10.837767748142547
42.78527832	6.357273417664663
42.79478073	5.89282932536441
42.80427933	8.663334514064848
42.81378174	4.383823514448574
42.82328033	4.490839151190048
42.83278275	5.090862684863443
42.84228516	11.370265531400843
42.85178375	11.621560832260258
42.86128616	11.749045340061647
42.87078476	11.369321545865443
42.88028717	6.183146494043051
42.88978577	10.96587376251841
42.89928818	13.662568153460203
42.90879059	11.509896495790496
42.91828918	16.055781193621627
42.9277916	15.509096983387282
42.93729019	11.653227581770057
42.9467926	16.09751309376599
42.9562912	19.760271311161336
42.96579361	19.149964460622062
42.97529602	23.736925046179692
42.98479843	21.252916650918692
42.99430084	18.95894666080364
43.00379944	24.09929709509754
43.01330185	19.801550636659595
43.02280045	21.735555142922376
43.03230286	24.729736281116875
43.04180527	27.129748396263015
43.05130386	30.097746864784114
43.06080627	31.978306262292623
43.07030487	35.16492740062005
43.07980728	39.86342731612038
43.08930588	44.58638457165284
43.09880829	43.584323652527345
43.1083107	43.40329137539087
43.1178093	38.748484545787555
43.12731171	37.783169280964664
43.1368103	41.2902754417734
43.14631271	39.27564822493521
43.15581131	43.498825414454245
43.16531372	47.97628235309556
43.17481613	54.00059393452841
43.18431473	58.87715128086958
43.19382095	58.077311141837086
43.20331955	66.6841007697318
43.21282196	66.53780842817442
43.22232056	67.99909776888349
43.23182297	62.408064161055194
43.24132538	59.58901177214056
43.25082397	47.235022646710696
43.26032639	45.16252027306999
43.26982498	40.274572092453354
43.27932739	40.04440078722034
43.28882599	37.616690067319816
43.2983284	34.71993840072038
43.30783081	30.769098646174918
43.31732941	30.92960566054713
43.32683182	36.344644230268784
43.33633041	29.702079552971178
43.34583282	26.346646122941678
43.35533142	25.29005694796038
43.36483383	26.075828248748408
43.37433624	24.500183254482117
43.38383484	18.69300264636071
43.39333725	16.025506016328087
43.40283966	17.273459117132973
43.41234207	9.340422502348115
43.42184067	8.988641870747188
43.43134308	9.617616538421228
43.44084549	8.071432165155063
43.45034409	12.337205642491345
43.4598465	12.56957572686337
43.46934509	5.959326760325525
43.4788475	8.38559705302588
43.4883461	13.29228434456987
43.49784851	12.703291460945076
43.50735092	7.509241605867809
43.51684952	13.898929303066785
43.52635193	12.226344125704777
43.53585052	15.693914401423097
43.54535294	11.111120488930737
43.55485153	16.70020635784521
43.56435394	23.50138929982121
43.57385635	22.0886590929796
43.58335495	29.155042093139606
43.59285736	33.871289224174376
43.60235596	43.387667678735404
43.61186218	51.24755383049116
43.62136078	49.75725422190465
43.63086319	57.40550306083256
43.6403656	53.89268489722875
43.6498642	54.01210816407268
43.65936661	50.159343185318164
43.6688652	48.34343242544653
43.67836761	45.30689851495963
43.68786621	38.709346170289734
43.69736862	33.2812428272947
43.70687103	34.84585442885794
43.71636963	32.211059968112096
43.72587204	32.714753021216545
43.73537064	37.53316314489469
43.74487305	36.98485477547348
43.75437164	38.61729672148759
43.76387405	33.68113134347603
43.77337646	27.737283763910106
43.78287506	31.024116253738114
43.79237747	27.41865892210978
43.80187607	19.134291929188258
43.81137848	16.143926321554364
43.82088089	15.973984108607384
43.8303833	13.20692735603582
43.83988571	12.697080299205387
43.84938431	12.514352069415352
43.85888672	12.492560902578045
43.86838531	19.88591112152241
43.87788773	16.588800703485887
43.88738632	22.4661896753916
43.89688873	23.489979630241855
43.90639114	28.38198867909257
43.91588974	40.65430717130128
43.92539215	47.56986987682162
43.93489075	55.4428296793903
43.94439316	57.83408708470761
43.95389175	68.63416512090649
43.96339417	67.27647656473748
43.97289658	67.8849320652428
43.98239517	70.91783909355945
43.99189758	65.71238848257886
44.00139618	55.42918493653797
44.01089859	53.31522307071932
44.020401	47.145719342874926
44.02990341	48.07340282821741
44.03940582	46.087780863177315
44.04890442	48.918248271040234
44.05840683	59.93359840271752
44.06790543	66.92989939987802
44.07740784	75.36116658437417
44.08690643	77.48598185190617
44.09640884	94.35803268538245
44.10591125	102.29291167531359
44.11540985	115.49743918608398
44.12491226	135.81883578261403
44.13441086	149.95240015256343
44.14391327	161.34277387362232
44.15341187	165.25695526209668
44.16291428	164.15793689578223
44.17241669	154.26595411095033
44.18191528	142.66714569233238
44.19141769	127.29354873480351
44.20091629	115.05086560821044
44.2104187	99.02292574867255
44.2199173	91.48199077083893
44.22942352	90.28630965795797
44.23892593	89.05164183597635
44.24842453	90.49222050338318
44.25792694	93.06455074420263
44.26742554	89.33453806960267
44.27692795	91.7399090287685
44.28642654	81.70507030738808
44.29592896	74.15415155852907
44.30543137	62.85056440617055
44.31492996	58.97969394321011
44.32443237	49.76899106895942
44.33393097	42.15635773596279
44.34343338	32.088625454319796
44.35293198	29.064052404418558
44.36243439	21.142836249151195
44.3719368	20.51534072207976
44.38143539	23.470428202004364
44.39093781	20.706413180552122
44.4004364	17.137021362592623
44.40993881	19.876433942213186
44.41943741	21.30806727800725
44.42893982	29.1569806548001
44.43844223	30.899633069321034
44.44794464	39.68955145820341
44.45744705	47.6040214643656
44.46694565	55.83394856613776
44.47644806	62.161805944839216
44.48594666	67.71969700622236
44.49544907	71.82260626161825
44.50495148	79.67299877675825
44.51445007	72.26147124060196
44.52395248	70.85990046773075
44.53345108	67.68526172536347
44.54295349	61.53231529117899
44.55245209	58.84924796009146
44.5619545	62.50846389768706
44.57145691	61.845781851648766
44.58095551	62.072256234324804
44.59045792	67.55378783159485
44.59995651	67.37352785319982
44.60945892	66.39244486703139
44.61895752	69.51214260442252
44.62845993	69.8727089962603
44.63796234	58.38361354096108
44.64746475	56.384362114781304
44.65696716	46.0085499260611
44.66646576	38.88911534498421
44.67596817	37.089855489068015
44.68546677	36.88897527678126
44.69496918	28.857300156806218
44.70447159	32.616282671596444
44.71397018	31.55556950664061
44.7234726	26.928774678212
44.73297119	28.10565307334954
44.7424736	22.355210392241826
44.7519722	23.08744473583494
44.76147461	22.410870141316483
44.77097702	22.083428370347082
44.78047562	22.36132026607679
44.78997803	22.781965020759944
44.79947662	24.03019401801559
44.80897903	23.119116997181266
44.81847763	28.488295167585473
44.82798004	33.17892395301675
44.83748245	37.598295922077085
44.84698105	38.43139819108919
44.85648727	51.336772068790275
44.86598587	62.48780155091965
44.87548828	75.29848164179188
44.88498688	88.08990249727904
44.89448929	97.98187779094023
44.9039917	116.30827771625398
44.9134903	128.2586468481999
44.92299271	134.5713691251678
44.9324913	138.34959921574824
44.94199371	133.33588129226965
44.95149231	120.0647039244944
44.96099472	108.64167634134012
44.97049713	101.33282775720842
44.97999573	85.27284850549731
44.98949814	84.12064464817291
44.99899673	72.33716577014742
45.00849915	77.9806410913869
45.01799774	77.67451435441926
45.02750015	79.55397521018104
45.03700256	81.16730017029774
45.04650116	74.78928059601017
45.05600739	71.16287099464192
45.06550598	66.61164433349589
45.07500839	59.13566735234609
45.08450699	51.203632623553474
45.0940094	45.706967142568516
45.103508	34.833481499744906
45.11301041	31.16837293276732
45.12251282	25.551452891867086
45.13201141	20.557701990059808
45.14151382	20.347572540096746
45.15101242	13.643057597383775
45.16051483	12.140000251005162
45.17001724	11.873474111516447
45.17951584	8.041697026997007
45.18901825	9.07106590275868
45.19851685	8.138919633981228
45.20801926	11.253012740719294
45.21751785	6.690004669065201
45.22702026	6.214306413662667
45.23652267	13.072060136584643
45.24602127	7.615067166832799
45.25552368	8.229468075107846
45.26502609	10.410622554950816
45.2745285	6.780774036688397
45.2840271	9.81771253481148
45.29352951	10.364707763497945
45.30302811	14.030504530486345
45.31253052	8.477499160726811
45.32203293	13.036961145261808
45.33153152	18.583843236246075
45.34103394	17.787843202268103
45.35053253	21.196025269214424
45.36003494	23.275671101595826
45.36953735	30.999537000764292
45.37903595	34.03002855459773
45.38853836	42.57015189046808
45.39803696	47.575651083385246
45.40753937	54.868099718080074
45.41703796	53.19535335928213
45.42654037	55.93173978684021
45.43604279	54.95968427330457
45.44554138	52.99731372609434
45.45504379	47.191156971545325
45.46454239	44.64351046835214
45.47404861	40.723395865380375
45.48354721	33.786633239295185
45.49304962	34.48623470842358
45.50254822	29.094660074298638
45.51205063	32.07321500077359
45.52155304	36.046373110464295
45.53105164	31.634312567977123
45.54055405	33.64522939769562
45.55005264	35.31298454133657
45.55955505	30.721343488421468
45.56905746	32.111720533988894
45.57855606	24.023968980704357
45.58805847	23.4073486375214
45.59755707	16.261901601056085
45.60705948	14.27740893810163
45.61655807	17.923342289522676
45.62606049	13.619071962733223
45.6355629	10.404717759352774
45.64506149	13.342319672114801
45.6545639	9.284157284516052
45.6640625	13.567341545853761
45.67356491	9.41099741797732
45.68306732	11.466435648709673
45.69256973	19.106944897855143
45.70206833	17.342498516651546
45.71157074	21.48666796219596
45.72107315	27.00072725027737
45.73057175	35.83010825193253
45.74007416	37.81138557522788
45.74957275	51.83894725454905
45.75907516	59.31301925967665
45.76857376	75.99646447864349
45.77807617	89.54741961781906
45.78757858	100.17753944467411
45.79707718	111.93114276118501
45.80657959	117.45475628717091
45.81607819	111.88092835947393
45.8255806	103.87975240747701
45.83508301	94.7006137079961
45.8445816	83.6020067780815
45.85408401	77.03427876269633
45.86358261	67.83314774739988
45.87308502	61.84647523622882
45.88258743	59.245464132489
45.89208984	59.30878743084364
45.90158844	59.69573925607246
45.91109085	67.6102938157103
45.92059326	68.94455796087068
45.93009186	66.67996648389236
45.93959427	59.09962211082808
45.94909286	58.89382579781702
45.95859528	46.82648715348077
45.96809387	39.30264649769027
45.97759628	31.95046269469752
45.98709869	31.1228628751615
45.99659729	20.764015423420545
46.0060997	18.483936584589763
46.0155983	18.909455133683444
46.02510071	14.443032710608545
46.03460312	10.80208927490759
46.04410172	8.84086078681227
46.05360413	6.901554436886805
46.06310272	10.491509814640025
46.07260513	11.528288244850408
46.08210373	7.636705919579598
46.09160995	7.795537994870254
46.10110855	10.65948401804545
46.11061096	4.353530317186209
46.12011337	3.78762954463131
46.12961197	6.637298582427194
46.13911438	6.902815343994831
46.14861298	6.538007424333201
46.15811539	2.421685060591278
46.16761398	4.528293409434781
46.17711639	2.382743147422974
46.1866188	8.964243894147922
46.1961174	7.178857507893606
46.20561981	9.530497974533422
46.21511841	7.141261276024263
46.22462082	3.7865330226383556
46.23412323	6.456322020126566
46.24362183	8.485345642234538
46.25312424	2.245708883206592
46.26262283	9.317448053257198
46.27212524	8.502314201014753
46.28162384	2.153177041551722
46.29112625	4.32735545665768
46.30062866	5.808445552819987
46.31013107	3.386938771405897
46.31963348	2.2045907645110665
46.32913208	7.0325540670522155
46.33863449	5.496997688263589
46.34813309	1.4001279707799466
46.3576355	5.631436685888037
46.36713409	1.5183302209838943
46.37663651	2.1690261202488754
46.38613892	7.120097163279007
46.39563751	4.539944067980494
46.40513992	3.179620548682297
46.41463852	3.772842699524516
46.42414093	2.1010772793470265
46.43363953	9.027500185788746
46.44314194	7.641470774194149
46.45264435	1.5835226996042164
46.46214294	4.582688437731836
46.47164536	1.8032868944018834
46.48114395	2.863891338064171
46.49064636	7.3910301314569
46.50014877	5.725758163774527
46.50965118	9.036370183017054
46.51915359	3.6159254282496436
46.52865219	6.245631162168914
46.5381546	6.037659627730322
46.5476532	6.3217237580665975
46.55715561	1.5278178262786037
46.56665421	6.981760012069875
46.57615662	2.375730310218399
46.58565903	2.686759372094404
46.59515762	3.131477994774702
46.60466003	7.984374962130027
46.61415863	5.229742439647266
46.62366104	7.317904367211628
46.63315964	1.9278080660333556
46.64266205	7.519211807416902
46.65216446	8.937971552117327
46.66166306	3.1292804533974303
46.67116547	2.603152120055509
46.68066406	7.49969111294838
46.69016647	6.549828246027491
46.69966888	6.968850775535562
46.70916748	3.1822451632637234
46.71867371	7.289558332562271
46.7281723	5.696161749663629
46.73767471	6.7704016472397015
46.74717331	7.049820533762922
46.75667572	6.593450363391139
46.76617432	10.147569077389267
46.77567673	3.40043419242365
46.78517914	7.064085917677987
46.79467773	5.6823513390967015
46.80418015	4.432358467105512
46.81367874	10.033786594379542
46.82318115	12.796787508134774
46.83267975	12.245343217475963
46.84218216	9.791632994418237
46.85168457	12.982817026480927
46.86118317	18.21148782273828
46.87068558	19.173063548919643
46.88018417	28.274306393646135
46.88968658	33.63920803088322
46.899189	32.67265987279632
46.90868759	39.17977109383236
46.91819382	44.2087502362984
46.92769241	44.702192646486594
46.93719482	38.96709582134549
46.94669342	34.427269370110224
46.95619583	34.850411727041426
46.96569443	30.01504729158399
46.97519684	26.901023119360023
46.98469925	21.071309717197487
46.99419785	19.925319754262247
47.00370026	20.49271211844784
47.01319885	20.524630509579197
47.02270126	24.535988142734865
47.03219986	23.293721814490592
47.04170227	24.38254569977139
47.05120468	21.806095361465974
47.06070328	23.168368618283747
47.07020569	24.268786553851818
47.07970428	23.88624302195442
47.0892067	15.971336210113193
47.09870529	14.26514600922375
47.1082077	16.299608112853925
47.11771011	15.657848887549305
47.12721252	8.227426923077036
47.13671494	5.742578416115439
47.14621353	9.569760443774658
47.15571594	5.321670923865811
47.16521454	4.475054911159238
47.17471695	10.346230470547292
47.18421936	4.977582954003809
47.19371796	6.127910100675299
47.20322037	10.58016469530142
47.21271896	11.780150979910797
47.22222137	4.303547942992126
47.23171997	5.484419668623829
47.24122238	11.119950147638225
47.25072479	9.651642709179693
47.26022339	8.041709883936978
47.2697258	4.744856631033278
47.2792244	6.645801831858189
47.28872681	9.748300163323535
47.2982254	7.242455507310699
47.30772781	6.7435878743275985
47.31723022	9.323234507677206
47.32672882	7.4207696284369025
47.33623505	12.484952141915045
47.34573364	10.306361763286493
47.35523605	12.858499203367453
47.36473465	6.582144045866436
47.37423706	13.585592964049031
47.38373947	10.254731069352783
47.39323807	9.828184094768796
47.40274048	13.75773091278542
47.41223907	14.962984974442893
47.42174149	13.972889128549273
47.43124008	11.52433439954262
47.44074249	15.591137205169531
47.4502449	17.295588574588106
47.4597435	17.15923293710986
47.46924591	13.046251062949374
47.47874451	19.563195849412935
47.48824692	22.165646830163077
47.49774551	23.48075152667427
47.50724792	26.461586835329623
47.51675034	35.63888524483207
47.52624893	43.17276122507083
47.53575134	53.89868693319999
47.54525375	65.78755942602808
47.55475616	86.754715947264
47.56425476	102.86600876164587
47.57375717	115.32109206939778
47.58325958	134.81274360860428
47.59275818	140.72939399997384
47.60226059	153.1134351535299
47.61175919	148.50253355547693
47.6212616	147.77331095478795
47.63076019	145.12648521866257
47.6402626	135.82512466277694
47.64976501	134.57638754518584
47.65926361	136.04892929909195
47.66876602	139.76949400962556
47.67826462	149.1806010101603
47.68776703	162.60635730892344
47.69726562	176.259552835867
47.70676804	186.38811560903716
47.71627045	197.65886600826954
47.72576904	192.82984128450536
47.73527145	191.64112489030552
47.74477005	180.42558691806838
47.75427628	177.18500455961703
47.76377487	168.3435077236678
47.77327728	167.20492071643835
47.78277969	165.0114514676387
47.79227829	162.5898991557168
47.8017807	167.29668623392902
47.8112793	163.26396360202696
47.82078171	156.0364753179618
47.8302803	152.8550372866587
47.83978271	143.1500868318423
47.84928513	126.38249027334261
47.85878372	119.3740922028017
47.86828613	104.29629704353945
47.87778473	95.46492416538933
47.88728714	87.11194688228234
47.89678574	74.71308856540936
47.90628815	75.91938234131467
47.91579056	69.27253317834209
47.92528915	71.3177321486745
47.93479156	66.91005022545605
47.94429016	64.93556271548383
47.95379639	56.95294366609748
47.96329498	53.60027857473272
47.97279739	47.08903014436777
47.9822998	41.415824486036016
47.9917984	40.819477150682516
48.00130081	35.07318491381287
48.01079941	35.77667859320137
48.02030182	40.46255562019904
48.02980042	36.75375836660895
48.03930283	42.22755658133827
48.04880524	50.92186368487324
48.05830383	57.85040690375922
48.06780624	72.45690170435705
48.07730484	81.22552931324743
48.08680725	87.37683717253066
48.09630585	93.57311757314453
48.10580826	91.91256479787401
48.11531067	88.48645317676308
48.12480927	87.16499629049572
48.13431168	75.45983800661084
48.14381027	70.06745355440552
48.15331268	61.37950932217544
48.16281509	58.135737357129514
48.1723175	53.514738751113164
48.18181992	48.23784724746352
48.19131851	48.97660922524309
48.20082092	53.53912552395003
48.21031952	55.80676674185714
48.21982193	63.47007345944263
48.22932053	65.25127408529717
48.23882294	66.92223665273009
48.24832535	61.017573813619116
48.25782394	58.23902791608945
48.26732635	55.21142128511926
48.27682495	47.00782667400463
48.28632736	40.51261717538078
48.29582596	42.87884106373363
48.30532837	33.33934568233968
48.31483078	30.74687186157951
48.32432938	33.1573753512021
48.33383179	36.23689881089687
48.34333038	39.533383095615335
48.35283279	51.045653475189866
48.36233139	58.703091330035505
48.37183762	74.49395204743404
48.38134003	85.5140113382988
48.39083862	103.3768601931672
48.40034103	114.00787854631423
48.40983963	125.74861500412543
48.41934204	132.52678740965044
48.42884064	138.59119245037348
48.43834305	136.3042995347594
48.44784546	127.40497612862056
48.45734406	113.55668810849686
48.46684647	98.89360166192446
48.47634506	91.00008908308654
48.48584747	82.29442627999295
48.49534607	84.14220966588357
48.50484848	83.27455184141441
48.51435089	83.9645127625804
48.52384949	86.69672202767828
48.5333519	87.84502985350423
48.54285049	90.79251979507924
48.55235291	93.46569638071117
48.5618515	92.56692585527523
48.57135391	85.57888842747388
48.58086014	79.31700461004262
48.59035873	71.46622833996773
48.59986115	70.10492900365263
48.60935974	62.031884179616796
48.61886215	56.48773266184244
48.62836075	56.05173207234746
48.63786316	57.9613465438759
48.64736557	53.67525008927861
48.65686417	46.511995577984926
48.66636658	42.82474277935377
48.67586517	42.99243160827013
48.68536758	37.217423546805364
48.69486618	31.650105478698066
48.70436859	29.87138873211747
48.713871	26.53586245724117
48.7233696	26.016848449289096
48.73287201	28.15794304220897
48.74237061	22.801311473943418
48.75187302	21.42286125307987
48.76137161	22.923348933095582
48.77087402	28.3645046871072
48.78037643	24.21279849463197
48.78987885	26.728527012949606
48.79938126	19.129535850934598
48.80887985	24.194243587559324
48.81838226	22.06313177725753
48.82788086	14.988752747639936
48.83738327	17.727205488865657
48.84688568	13.945911192145424
48.85638428	16.474594749386288
48.86588669	15.445531383411417
48.87538528	15.255217967937629
48.8848877	14.173468120056738
48.89438629	12.516620952900002
48.9038887	14.174958854491745
48.91339111	12.694263903924924
48.92288971	13.66989605123949
48.93239212	17.77171948322583
48.94189072	16.53214440438836
48.95139313	16.248575070339847
48.96089172	19.183734446680006
48.97039413	17.277279805278617
48.97989655	14.793619073718272
48.98939896	14.885019404502374
48.99890137	19.3959997349115
49.00839996	19.61875319699329
49.01790237	22.722234235357853
49.02740097	26.586229666782355
49.03690338	22.192568211759397
49.04640579	22.30351776710183
49.05590439	28.889413769797045
49.0654068	31.833904216713588
49.0749054	30.857445637202318
49.08440781	30.25473058697785
49.0939064	33.74047302514515
49.10340881	43.43136780061714
49.11291122	48.048984486937336
49.12240982	58.25049110480828
49.13191223	66.84707989568149
49.14141083	78.77298593354118
49.15091324	92.51938322710164
49.16041183	108.42177703693176
49.16991425	116.33416075131761
49.17941666	118.24838894734103
49.18891525	118.68042848409314
49.19842148	116.76645144651786
49.20792007	106.34335819581213
49.21742249	98.01881397226045
49.22692108	93.69371345345256
49.23642349	82.61119438729037
49.2459259	80.17057390007
49.2554245	78.86437294237408
49.26492691	82.39873478874576
49.27442551	95.39780593584557
49.28392792	107.33375315274456
49.29342651	120.16679728139884
49.30292892	146.57763242473905
49.31243134	168.04753072538284
49.32192993	194.7248968592814
49.33143234	213.12283575916786
49.34093094	242.65542732952972
49.35043335	268.1312423576688
49.35993195	285.478162667448
49.36943436	294.7691556754494
49.37893677	300.85313731061706
49.38843536	300.7218008011186
49.39793777	294.28574787584813
49.40744019	283.3603356584219
49.4169426	276.29245018723907
49.42644119	277.7912573998657
49.4359436	279.3727203646353
49.44544601	281.12791737674365
49.45494461	283.1550369753856
49.46444702	286.2889040250121
49.47394562	286.7189959758296
49.48344803	281.1184840206092
49.49294662	269.858574399366
49.50244904	251.47096731695976
49.51195145	232.64674241101443
49.52145004	217.4805188399838
49.53095245	194.3069914086992
49.54045105	176.6472405868899
49.54995346	161.79273031366753
49.55945206	153.8435618431413
49.56895447	143.40886423573207
49.57845688	132.11235567940108
49.58795547	125.22372992233176
49.59745789	117.87616213819814
49.60695648	105.83329813824743
49.61646271	96.6277681966933
49.6259613	87.04881950703412
49.63546371	72.66920395392074
49.64496231	60.8020928845449
49.65446472	51.416320269493575
49.66396713	46.454010526276335
49.67346573	35.60760903699476
49.68296814	34.81594119130935
49.69246674	27.429895136500512
49.70196915	23.381756423195444
49.71147156	23.53123434626807
49.72097015	20.425849370912143
49.73047256	21.66775696932639
49.73997116	20.067693068510614
49.74947357	15.332457092043729
49.75897217	19.299183156809086
49.76847458	17.864741074780643
49.77797699	22.32714324535419
49.78747559	18.729782881116343
49.796978	18.38966555566428
49.80647659	21.571453316966046
49.81598282	25.53643235792126
49.82548141	31.671012444393426
49.83498383	30.218044280819612
49.84448242	38.17608955083331
49.85398483	50.156862554967404
49.86348724	57.9345676601266
49.87298584	71.35352132563347
49.88248825	90.82741559915655
49.89198685	104.71654788319329
49.90148926	112.36513869580656
49.91099167	126.48500980501684
49.92049026	128.51168408310147
49.92999268	123.47647837885553
49.93949127	115.36232121057901
49.94899368	102.67726999302559
49.95849228	91.70721027717642
49.96799469	76.95632485963121
49.9774971	67.72258557320225
49.9869957	58.585608359835945
49.99649811	58.47317651170226
50.0059967	63.02242714384351
50.01549911	60.88064515884207
50.02500153	67.71147726451207
50.03450394	70.8445287413468
50.04400253	71.84613264897341
50.05350494	70.59744636775532
50.06300735	69.66801346180644
50.07250595	62.00967705479738
50.08200836	58.448323816484745
50.09150696	50.64812051740507
50.10100937	37.343222913935755
50.11051178	33.1156737878575
50.12001038	27.825403871017755
50.12951279	26.7919379417899
50.13901138	19.39300270858412
50.14851379	19.36648108310493
50.15801239	16.03138842910943
50.1675148	11.78664166996755
50.17701721	17.662689605102074
50.18651581	16.77663706586006
50.19601822	14.884442785472402
50.20551682	13.85875412307469
50.21501923	19.98332820505749
50.22451782	21.254093540928228
50.23402405	21.723787445873988
50.24352264	25.77044023396781
50.25302505	25.576581109514322
50.26252747	30.571210076500314
50.27202606	40.42461319474895
50.28152847	46.3676899987781
50.29102707	47.584338082696064
50.30052948	52.947865259103565
50.31002808	58.42789833007093
50.31953049	53.7011427403947
50.3290329	52.25625516156492
50.33853149	43.123255818068394
50.34803391	40.57412983884747
50.3575325	36.872345055192014
50.36703491	37.3872837260245
50.37653732	27.86224779812384
50.38603592	34.38339659846465
50.39553833	31.75317603239449
50.40503693	32.87530943647092
50.41453934	35.79055216066679
50.42403793	37.24639638805107
50.43354034	44.47306029877404
50.44304276	49.77161484799433
50.45254517	50.27886780647286
50.46204758	47.97138087987141
50.47154617	47.50726170342318
50.48104858	51.07237846601363
50.49054718	47.16316759154653
50.50004959	42.692225818379946
50.50954819	35.448836627639
50.5190506	36.200746986964795
50.52855301	28.83448389482461
50.53805161	29.68983035269755
50.54755402	24.72945021403781
50.55705261	25.50821585733251
50.56655502	26.74211621582137
50.57605743	22.9337124190287
50.58555603	27.510809472057883
50.59505844	24.612649538987096
50.60455704	22.97304425936543
50.61405945	27.84675363516426
50.62355804	25.96923686879356
50.63306046	21.00169767553855
50.64256287	22.44562478602916
50.65206528	25.260279930578918
50.66156769	21.422993590117397
50.67106628	22.61763249577269
50.6805687	16.281370223912354
50.69006729	17.37862465219244
50.6995697	15.293878573539226
50.7090683	20.7681460635045
50.71857071	13.029240996340727
50.72807312	16.88441107120193
50.73757172	15.390336321887045
50.74707413	14.734073579112737
50.75657272	14.436513607148868
50.76607513	20.006834421321457
50.77557755	18.75168851428427
50.78507614	23.59016700709053
50.79457855	20.19785109638562
50.80407715	21.446222879670298
50.81357956	29.129050986233356
50.82307816	34.52845867628395
50.83258057	34.60656626519286
50.84208298	50.906745859562
50.85158539	57.48765617286317
50.8610878	73.75139876343124
50.8705864	92.97987164764858
50.88008881	122.48258987651403
50.8895874	152.18479708463053
50.89908981	188.53547997247233
50.90858841	224.1590291800288
50.91809082	253.12763816127878
50.92759323	282.14908136127485
50.93709183	286.34800856144807
50.94659424	284.4956591343711
50.95609283	265.49681759918144
50.96559525	240.5057203046373
50.97509384	211.60243282763034
50.98459625	182.38713164983164
50.99409866	155.69744206070268
51.00359726	142.89779392822297
51.01309967	136.12668532269308
51.02259827	134.30775916256204
51.03210068	135.64503707513003
51.04160309	145.7072668136016
51.05110168	156.0822283566541
51.06060791	166.8356391014383
51.07010651	176.66939849016046
51.07960892	175.3416570531052
51.08910751	170.0537796397294
51.09860992	162.13295529691283
51.10810852	147.02143244322002
51.11761093	142.6887829394773
51.12711334	137.87286573566934
51.13661194	143.67844488154415
51.14611435	157.49440836334418
51.15561295	173.10223690242287
51.16511536	191.33572524090818
51.17461395	204.63495818701227
51.18411636	225.50556276460028
51.19361877	242.88113900176603
51.20311737	243.24826004729283
51.21261978	249.31312405935904
51.22211838	246.2791892472653
51.23162079	246.76705051042686
51.2411232	254.43048988635152
51.2506218	257.7196170397332
51.26012421	269.5356584327588
51.26962662	278.90361250268944
51.27912903	282.24409183558237
51.28862762	281.4236678480003
51.29813004	268.97041854141855
51.30762863	253.83022380096563
51.31713104	239.45496338283627
51.32663345	222.22337258076854
51.33613205	204.08719418434072
51.34563446	187.22787471937923
51.35513306	172.91932144213106
51.36463547	162.58805357162458
51.37413406	151.5708180033847
51.38363647	145.98696718559597
51.39313889	142.4879393364345
51.40263748	136.1566876607855
51.41213989	134.03919891572045
51.42163849	124.45882862486478
51.4311409	114.26064305879889
51.44064331	106.5654282149083
51.45014191	87.91937024957015
51.45964432	78.87207688739079
51.46914291	66.84367235398898
51.47864914	50.15986046275596
51.48814774	47.046272355044586
51.49765015	35.61353440659002
51.50714874	33.24956804380767
51.51665115	35.688234329396934
51.52615356	28.390421324526137
51.53565216	36.764905259318425
51.54515457	38.109820253144164
51.55465317	32.50629623391224
51.56415558	39.614864861133334
51.57365417	40.627980215846875
51.58315659	44.81988799820018
51.592659	37.938532287336734
51.60215759	41.043167296603954
51.61166	35.54689919497012
51.6211586	34.506220785759865
51.63066101	26.321514561750206
51.64015961	23.74132283962706
51.64966202	23.382594091733388
51.65916443	19.404833223624895
51.66866302	18.827428263105904
51.67816544	24.932452519377776
51.68766785	22.638248217380507
51.69717026	19.64324140485215
51.70666885	25.912980187119395
51.71617126	26.89000457580476
51.72567368	26.547440233658026
51.73517227	23.925821001554034
51.74467468	20.84268725787426
51.75417328	25.726346659828764
51.76367569	21.085602348307095
51.77317429	18.104464137476626
51.7826767	22.5781430872606
51.79217911	18.320661273973503
51.8016777	17.904906237643342
51.81118011	21.534471622142373
51.82067871	22.203934556702322
51.83018112	24.78995695207038
51.83967972	28.83152352327113
51.84918213	36.52583363772131
51.85868454	40.802789327444316
51.86818314	43.21442513919471
51.87768555	42.448732758910694
51.88718796	38.793744652459566
51.89669037	38.27667227960365
51.90618896	33.66897172659484
51.91569138	32.29297457933674
51.92519379	25.77270978373032
51.93469238	23.402632287151086
51.94419479	29.018884914119383
51.95369339	27.248761861384416
51.9631958	23.880939133841807
51.9726944	23.642451299404463
51.98219681	20.87975021560406
51.99169922	22.930251056498083
52.00119781	28.514773047165733
52.01070023	30.924745705238664
52.02019882	26.90179310568271
52.02970123	27.955805061036816
52.03919983	23.46585465362852
52.04870224	20.150961710863953
52.05820465	18.379845958978457
52.06770325	21.456145392982734
52.07720566	18.522263609620786
52.08670425	20.40437253015362
52.09621048	16.182336798195017
52.10570908	14.951954834383578
52.11521149	12.800703434189742
52.1247139	17.093527390103638
52.13421249	14.436906649723301
52.1437149	10.108607223731042
52.1532135	14.917077756857475
52.16271591	7.947718276745578
52.17221451	9.135472976313023
52.18171692	7.9010197563822935
52.19121933	11.461807841062983
52.20071793	10.07125443460032
52.21022034	11.710587638905517
52.21971893	8.354825597826315
52.22922134	10.500188749273157
52.23871994	14.453529747529117
52.24822235	13.543368883260817
52.25772476	15.447901681567146
52.26722336	12.452155107253738
52.27672577	9.161121535624035
52.28622437	16.040570896133104
52.29572678	16.015266549177525
52.30522919	10.20634991241306
52.3147316	14.49643662127016
52.32423401	16.82306056670162
52.3337326	13.320348253870893
52.34323502	13.749878359247479
52.35273361	14.292850616440532
52.36223602	17.834059076130202
52.37173462	21.83664865551773
52.38123703	24.336673608147343
52.39073944	27.74626497551015
52.40023804	28.091334891387994
52.40974045	31.05333018986467
52.41923904	38.01343040789984
52.42874146	40.95096101684379
52.43824005	48.76062807070392
52.44774246	58.61214541527879
52.45724487	70.58422790048513
52.46674347	79.72823639713314
52.47624588	99.22518928134014
52.48574448	125.05122115837119
52.49524689	151.69891936841944
52.50474548	176.0349771976159
52.51425171	212.30679514855274
52.52375412	236.35427627400304
52.53325272	254.33220243587317
52.54275513	258.6900043779683
52.55225372	256.3606766490267
52.56175613	244.4930932546639
52.57125473	217.25188895558108
52.58075714	190.3858739861184
52.59025955	168.01963412989448
52.59975815	156.89984128164835
52.60926056	143.4411478799304
52.61875916	134.87748493507473
52.62826157	141.64407441055477
52.63776016	152.39222800876217
52.64726257	166.22157897259618
52.65676498	180.38970872368634
52.66626358	202.91081516599996
52.67576599	213.65838589749603
52.68526459	221.89402521816186
52.694767	222.91999775221993
52.70426559	219.97208062627416
52.71377182	209.43314207372262
52.72327423	192.221565278912
52.73277283	184.59294857728796
52.74227524	176.8463676384699
52.75177383	184.1319796196263
52.76127625	191.7276972260847
52.77077484	218.71334915772127
52.78027725	247.08807482387246
52.78977966	288.02560328329446
52.79927826	321.808098952149
52.80878067	363.7158643047559
52.81827927	386.9690356587305
52.82778168	400.40339174179223
52.83728027	401.0534252632591
52.84678268	376.78029699483585
52.8562851	341.28063118658406
52.86578369	296.75898977399953
52.8752861	257.77426309020797
52.8847847	217.12527937488667
52.89428711	191.5068199578375
52.90378571	171.6340045793217
52.91328812	164.21576795172135
52.92279434	162.55423898342144
52.93229294	170.92804900557778
52.94179535	184.2759347051505
52.95129395	192.10767638567282
52.96079636	199.66196648227762
52.97029495	197.76968257797773
52.97979736	193.12912982816857
52.98929977	178.94904179515402
52.99879837	153.3559620367757
53.00830078	134.04946858453692
53.01779938	111.35678310453117
53.02730179	92.06059072219152
53.03680038	69.39750720237926
53.0463028	61.67297814445575
53.05580521	46.89493408822034
53.0653038	36.40548858393466
53.07480621	28.940804531183844
53.08430481	29.990957077655498
53.09380722	25.639348665550525
53.10330582	23.49182840608821
53.11280823	20.94981497629137
53.12231064	20.89064557175863
53.13181305	16.85898764387979
53.14131546	20.060496517817192
53.15081406	11.907502406331776
53.16031647	12.968995840128628
53.16981506	12.108255710412802
53.17931747	14.337835137369675
53.18881989	16.588971224069176
53.19831848	11.830677164502996
53.20782089	13.745074365018151
53.21731949	8.02622061209658
53.2268219	11.723836933610617
53.2363205	14.079638431910906
53.24582291	11.60293476907275
53.25532532	11.907440600109297
53.26482391	10.461187537308627
53.27432632	8.25670033544754
53.28382492	12.987806204433603
53.29332733	12.420876316164161
53.30282593	6.040831316664605
53.31232834	11.036366594354945
53.32183075	13.56431296270577
53.33132935	6.52722818942044
53.34083557	7.129595287873623
53.35033417	10.619128910950494
53.35983658	11.46345173538387
53.36933517	12.262190305250186
53.37883759	8.100316685637479
53.38834	11.487749080887461
53.39783859	10.609959102245202
53.407341	12.175718759291158
53.4168396	14.629338973984773
53.42634201	16.773142664403515
53.43584061	15.7354194754678
53.44534302	21.326464028850616
53.45484543	24.24427545251889
53.46434402	28.324348278319118
53.47384644	30.335749533124023
53.48334503	41.13765735146066
53.49284744	45.55462954346192
53.50234604	55.91031846849092
53.51184845	54.23779364380867
53.52135086	57.11351813099332
53.53084946	57.59285081432564
53.54035187	55.87974523495808
53.54985428	54.542313032527744
53.55935669	45.63291161736271
53.56885529	42.342349309702705
53.5783577	32.211706295612686
53.58786011	33.95044028869645
53.5973587	31.538991667173416
53.60686111	27.344062970482664
53.61635971	32.83456384018532
53.62586212	30.05700416131694
53.63536072	38.19391989285491
53.64486313	41.63977185018283
53.65436554	39.01283771006316
53.66386414	45.49167534767687
53.67336655	41.98317803730937
53.68286514	37.40754285728983
53.69236755	34.89787602056034
53.70186615	29.263410652488524
53.71136856	24.611759608381917
53.72087097	21.55327904175098
53.73036957	17.0053077516215
53.73987198	14.871449281161503
53.74937439	16.422599590955564
53.7588768	12.411302975404324
53.7683754	12.40260400499055
53.77787781	12.035169192319934
53.78738022	13.983308012149584
53.79687881	14.584107411526187
53.80638123	9.656516193780888
53.81587982	16.019365375519147
53.82538223	9.893108269766909
53.83488083	14.539322175733314
53.84438324	14.492418452014471
53.85388565	11.49970253281635
53.86338425	6.000013855016577
53.87288666	10.540672591163908
53.88238525	4.665344769550393
53.89188766	7.915861487552873
53.90138626	9.490543297040556
53.91088867	11.277543924551175
53.92039108	10.084596003964883
53.92988968	6.5390761010850476
53.93939209	8.286682391114466
53.94889069	4.268754704079788
53.95839691	5.501203946255158
53.96789551	3.548279612427874
53.97739792	3.2200154011382276
53.98689651	7.132517305929186
53.99639893	4.058441244888847
54.00590134	8.76441994550365
54.01539993	10.398331022914547
54.02490234	8.061555722819472
54.03440094	9.482684530690594
54.04390335	9.867192371803029
54.05340576	11.325380332765002
54.06290436	13.584314673134244
54.07240677	10.206978787611789
54.08190536	10.905153251707041
54.09140778	14.262459566705909
54.10090637	14.982532122752467
54.11040878	14.294783779148897
54.11991119	14.756904326669218
54.12940979	13.848097584178333
54.1389122	12.614411945446376
54.1484108	8.935253470382595
54.15791321	12.16129569317755
54.16741562	8.444480754797379
54.17691803	9.853869790836168
54.18641663	12.693365554448956
54.19591904	12.656417080247039
54.20542145	12.127111973440496
54.21492004	11.118145680503961
54.22442245	16.778139368784007
54.23392105	18.30879065861737
54.24342346	14.614671451285474
54.25292587	19.249837907842092
54.26242447	24.073823700183777
54.27192688	27.327711673797957
54.28142548	25.99261925618271
54.29092789	36.05748236521591
54.30042648	35.00976257237812
54.30992889	44.70314640790005
54.3194313	53.124043621394705
54.3289299	62.931417963226245
54.33843231	72.13218180164074
54.34793091	82.00704797798284
54.35743332	84.27653059816484
54.36693192	92.16188627679307
54.37643814	100.32460345175346
54.38593674	106.44411179735523
54.39543915	117.4411519883892
54.40494156	120.8795107020403
54.41444016	124.26136520684518
54.42394257	114.80932861070448
54.43344116	113.24863926944053
54.44294357	97.37105413154859
54.45244598	87.10922384478303
54.46194458	78.30434550915828
54.47144699	75.74997209622242
54.48094559	65.5683608394656
54.490448	67.54429816887557
54.49994659	63.021027100264604
54.50944901	60.37934340002067
54.51895142	60.52052973963036
54.52845001	61.525124533045044
54.53795242	63.522954938582124
54.54745102	68.98278607430119
54.55695343	62.28181422630512
54.56645203	63.870652460578754
54.57595444	60.74027017564126
54.58545685	50.082181460008044
54.59495926	47.294331160574075
54.60446167	40.758330650794505
54.61396027	30.56061620646218
54.62346268	26.900452879821763
54.63296127	24.149419398415308
54.64246368	20.222073642649022
54.65196228	14.140053022586844
54.66146469	17.545281583482293
54.6709671	15.493114739849489
54.6804657	12.537860361386363
54.68996811	11.132734192921639
54.69946671	17.016218529547096
54.70896912	14.912876041534862
54.71847153	21.534452785039143
54.72797012	23.599740803966206
54.73747253	26.807335310338875
54.74697113	23.712469699092278
54.75647354	30.439143510456656
54.76597214	29.120233343423934
54.77547455	28.408285430383607
54.78497696	30.233085455780625
54.79447937	31.432020135241444
54.80398178	30.06679078916504
54.81348038	27.55696477790817
54.82298279	22.330883968997828
54.83248138	16.611971787468377
54.8419838	16.062979199183854
54.85148239	18.370688814146618
54.8609848	19.67120755481354
54.87048721	18.03258791183891
54.87998581	19.722040770466464
54.88948822	19.867176490652568
54.89898682	22.300100598950156
54.90848923	19.164529365349804
54.91799164	24.825590979279347
54.92749023	22.156110278058655
54.93699265	19.96242528464756
54.94649124	22.01605687565481
54.95599365	21.988635342675337
54.96549225	16.4317967969845
54.97499466	17.739905560429275
54.98449707	19.140601380348443
54.99399948	13.912446821520264
55.00350189	19.490341849557762
55.01300049	14.89143731216843
55.0225029	21.235974048591878
55.0320015	23.435602214976704
55.04150391	22.651966147169286
55.0510025	27.354038327159536
55.06050491	30.91475176758057
55.07000732	33.009489585160395
55.07950592	47.62278882509667
55.08900833	51.33467829821955
55.09850693	65.81277774175334
55.10800934	81.82490655373071
55.11751175	99.74806176642424
55.12701035	109.97380807544127
55.13651276	124.5720514739803
55.14601135	135.44420501443642
55.15551376	137.70545344233108
55.16501236	141.0483156490678
55.17451477	133.29260398093663
55.18401718	119.97672330355563
55.19351578	100.99728318286141
55.203022	87.16555165197268
55.2125206	76.9780895663984
55.22202301	68.70508316925647
55.23152161	68.21671900030776
55.24102402	61.941909540673564
55.25052261	70.86546282656714
55.26002502	70.44919743709727
55.26952744	85.7573413080171
55.27902603	95.24299127401926
55.28852844	108.97653556736782
55.29802704	119.3026868257846
55.30752945	129.56635395986768
55.31703186	141.16831333322034
55.32653046	148.28573747221373
55.33603287	149.1452382536191
55.34553146	157.16947745192476
55.35503387	150.27390614213016
55.36453247	146.92209954822007
55.37403488	140.77650413202102
55.38353729	129.6403736978729
55.39303589	122.18596728586554
55.4025383	115.42928117824343
55.41204071	108.76377606143953
55.42154312	108.42879275318913
55.43104172	109.64361335518835
55.44054413	109.29186866690506
55.45004272	113.48408364424488
55.45954514	107.41077582378975
55.46904755	114.02014318125539
55.47854614	111.78372545321349
55.48804855	100.915779258017
55.49754715	101.94957171529823
55.50704956	98.26816808141925
55.51654816	91.18454266956763
55.52605057	82.55525459339285
55.53555298	75.17870158160888
55.54505157	71.75771118367668
55.55455399	64.3047008053768
55.56405258	62.82657494299664
55.57355499	61.986015736796844
55.5830574	59.9507489983097
55.592556	60.72411377425346
55.60205841	53.2481811593036
55.61156082	57.828192674829886
55.62106323	57.624062461624845
55.63056183	50.31030158428379
55.64006424	51.486959819704715
55.64956284	55.818205587516466
55.65906525	59.90674161925659
55.66856766	60.572416218330346
55.67806625	72.88386203188821
55.68756866	75.08042609861586
55.69706726	81.51159992429025
55.70656967	86.4875303455309
55.71606827	78.91686831417384
55.72557068	80.70063806145616
55.73507309	68.78085874642964
55.74457169	66.14789678707344
55.7540741	51.51930549846303
55.76357269	46.438334709292164
55.7730751	39.059443277297454
55.78257751	33.83523915737393
55.79207611	35.08690635312759
55.80157852	31.959038015415096
55.81107712	38.199802714014055
55.82058334	35.139996770269846
55.83008194	40.57805105607396
55.83958435	46.29372861852382
55.84908295	45.277920789441666
55.85858536	46.7340553951772
55.86808777	48.09272496917879
55.87758636	44.33064863360932
55.88708878	44.2326199451252
55.89658737	35.723011399193666
55.90608978	33.20159565888929
55.91558838	28.19049287131137
55.92509079	27.66594731601257
55.9345932	27.01688203526669
55.9440918	22.493436873374332
55.95359421	25.029780282388618
55.9630928	22.608475334850677
55.97259521	20.46485216454701
55.98209763	16.32611769522324
55.99159622	14.909014774625156
56.00109863	21.373897645733834
56.01059723	18.996022849493656
56.02009964	17.890372104577096
56.02960205	23.984495488317243
56.03910446	26.138498400188826
56.04860306	31.29418132386794
56.05810547	37.614537504080715
56.06760788	41.69478056152816
56.07710648	51.047821865302424
56.08660889	56.47513715704003
56.09610748	66.85337503973952
56.10560989	78.25481926722298
56.11510849	88.8504580710393
56.1246109	89.40418354411598
56.13411331	90.2790965580088
56.14361191	86.36065158788335
56.15311432	74.35812106303837
56.16261292	65.25457229917802
56.17211533	58.128172147230806
56.18161392	53.54642273261433
56.19111633	45.622054363646804
56.20061874	44.10259514342286
56.21011734	40.787142669657136
56.21961975	37.26868854424923
56.22911835	39.4160948053351
56.23862457	46.516865766240365
56.24812317	50.996987682615796
56.25762558	53.08742304663672
56.26712799	56.42615146579266
56.27662659	56.668880968535866
56.286129	52.85222258664816
56.29562759	51.34933111680299
56.30513	49.123470328510074
56.3146286	41.48645393478736
56.32413101	37.47709292401331
56.33363342	30.75472118110431
56.34313202	33.18577971960699
56.35263443	27.772142289191624
56.36213303	26.717622102138897
56.37163544	27.483122406753118
56.38113403	26.290833098953588
56.39063644	31.074366967277303
56.40013885	30.635000248923994
56.40963745	38.413969206410876
56.41913986	46.07654665416522
56.42863846	51.0945333356868
56.43814087	64.5497410956497
56.44764328	75.5024080608027
56.45714569	92.48977535643171
56.4666481	106.90886895947936
56.4761467	124.47068226653097
56.48564911	132.75212450220522
56.49514771	144.1099634701454
56.50465012	134.59048754254135
56.51414871	130.1089214348284
56.52365112	112.87980163498773
56.53315353	101.88199037500496
56.54265213	85.84233534634735
56.55215454	74.68476065545028
56.56165314	63.994648693764475
56.57115555	58.43529452863104
56.58065414	55.79580650537355
56.59015656	55.35862924732855
56.59965897	53.65097018970517
56.60915756	59.49409714987788
56.61865997	65.74932003558942
56.62815857	74.37319032396593
56.63766098	73.36225923493079
56.64716339	81.46366147784505
56.6566658	75.35721397984291
56.66616821	74.1903891327351
56.67566681	72.60636846831731
56.68516922	65.06618603249213
56.69466782	59.22799358024702
56.70417023	53.102244364090424
56.71366882	48.789496542146175
56.72317123	48.97534040440571
56.73267365	53.43707101180516
56.74217224	55.710943009730364
56.75167465	58.4430053957944
56.76117325	62.173235940379385
56.77067566	70.58696565076784
56.78017426	73.55993881993861
56.78967667	69.24053643718419
56.79917908	74.03993537989558
56.80867767	67.24205502234678
56.81818008	67.49431890778868
56.82767868	60.262756218049006
56.83718109	55.15158452816007
56.84667969	56.31836444539093
56.85618591	54.95185247380319
56.86568832	46.42615637679674
56.87518692	53.36176255492105
56.88468933	51.66831249151761
56.89418793	55.31344990711878
56.90369034	60.09325576958642
56.91318893	59.71668672623909
56.92269135	70.61059680726846
56.93219376	70.75987871010797
56.94169235	75.4938180892816
56.95119476	78.55239659520133
56.96069336	73.75069881047762
56.97019577	75.27998882855009
56.97969437	72.35028241162543
56.98919678	63.92728493462186
56.99869919	59.73346145100623
57.00819778	45.74534254068941
57.0177002	44.44478629788558
57.02719879	39.07867664323248
57.0367012	35.08260421603526
57.0461998	31.72061704682354
57.05570221	29.039033925250948
57.06520844	29.21136276016904
57.07470703	25.94298926641008
57.08420944	26.17316906396132
57.09370804	29.186505720483787
57.10321045	31.68133392680061
57.11270905	26.941211913004977
57.12221146	33.60548129373562
57.13171387	28.025381961927007
57.14121246	27.318754780603832
57.15071487	25.87887805804843
57.16021347	20.107393463768553
57.16971588	18.787638058181518
57.17921448	19.598425995278184
57.18871689	20.828685404339005
57.1982193	18.78480575212927
57.2077179	24.904102916737287
57.21722031	21.419906918469966
57.2267189	24.540232643442224
57.23622131	25.20532375589699
57.24571991	25.420045955007915
57.25522232	26.313248447483506
57.26472473	27.681529127657193
57.27422714	24.73918121980261
57.28372955	24.406998332461903
57.29322815	27.40563281077482
57.30273438	22.78706864757265
57.31223297	25.615629430889367
57.32173538	22.647886379569396
57.33123398	18.248005351566057
57.34073639	22.266356791208892
57.3502388	23.685908149692093
57.3597374	23.22545136124679
57.36923981	18.46251500905281
57.3787384	21.64190929974613
57.38824081	20.114755099408924
57.39773941	26.952117350733023
57.40724182	26.9408754962352
57.41674423	30.27126575628953
57.42624283	32.306000324861074
57.43574524	27.96299710582888
57.44524384	37.72724859688533
57.45474625	38.41031035651121
57.46424866	47.21648734701723
57.47374725	57.19841956957388
57.48324966	70.007210338487
57.49274826	86.06391162661392
57.50225067	95.8415622100953
57.51174927	106.63444591657222
57.52125168	108.20968061575735
57.53075409	107.32172340399646
57.54025269	102.73167417171462
57.5497551	92.03794009542071
57.55925369	82.00106338975195
57.5687561	71.58119693243518
57.5782547	56.59346508702944
57.58775711	52.847737975385684
57.59725952	47.345056946381845
57.60675812	41.056400923995916
57.61626053	39.20685698207671
57.62575912	36.34087553702788
57.63526154	44.67389866088481
57.64476013	42.48028997259758
57.65426254	52.31010685498682
57.66376495	56.84431320042651
57.67326355	55.90898282930014
57.68277359	60.9500441272902
57.69227219	62.04000229629038
57.7017746	56.942158907561456
57.71127319	51.631638759761486
57.7207756	40.757541961472455
57.7302742	40.521965763791734
57.73977661	35.318831142328776
57.74927902	27.256242628602763
57.75877762	27.477803018205755
57.76828003	19.314814547198225
57.77777863	25.200109826469607
57.78728104	22.906911998656263
57.79677963	19.005602473042615
57.80628204	16.547251771217667
57.81578445	20.994283873965088
57.82528305	17.258432713925174
57.83478546	14.731295513880221
57.84428406	11.358698803319193
57.85378647	13.431635842807573
57.86328506	12.074844113072249
57.87278748	11.332648996139335
57.88228989	14.102419003460279
57.89178848	9.42784787442993
57.90129089	10.087600670768497
57.91078949	9.74808239478255
57.9202919	17.82482567113786
57.92979431	17.004788348090628
57.93929291	19.20560297015031
57.94879532	18.151466079190453
57.95829391	18.316216305362804
57.96779633	14.751435984703965
57.97729492	18.95401834425969
57.98679733	16.399775289600402
57.99629974	18.07170738293987
58.00579834	14.479960602678041
58.01530075	17.25676511053174
58.02479935	18.289343952218594
58.03430176	17.636628272916667
58.04380035	23.53102098692791
58.05330276	27.05584871230448
58.06280518	29.21315845251923
58.07230377	30.85358767678643
58.08180618	34.096477299660506
58.09130478	41.089041136708396
58.10081482	41.365439227777614
58.11031342	41.33574989177943
58.11981583	36.339970497270905
58.12931442	38.048425979696944
58.13881683	35.51153066196173
58.14831924	27.514783828209403
58.15781784	27.813356198602698
58.16732025	26.061325340793513
58.17681885	21.861454416484857
58.18632126	15.141287353410611
58.19581985	20.87958822217753
58.20532227	18.763889325400196
58.21482468	22.038694590051534
58.22432327	19.9381470021338
58.23382568	18.148107779519556
58.24332428	22.064936351334108
58.25282669	24.170171666030868
58.26232529	28.015579201358314
58.2718277	29.71254866203389
58.28133011	25.137861426917475
58.2908287	30.850758804296937
58.30033112	26.0669401294026
58.30982971	26.06209791944737
58.31933212	26.05783885966395
58.32883453	30.628356121935205
58.33833313	27.845817773495888
58.34783554	25.975920726527114
58.35733414	26.895985990709725
58.36683655	20.106131663615834
58.37633514	20.144140690524395
58.38583755	19.464014607499053
58.39533997	13.68922981441881
58.40483856	16.297109687955313
58.41434097	12.7907455523043
58.42383957	13.18224551458718
58.43334198	17.42594630841763
58.44284058	13.613327273542247
58.45234299	14.022331768557564
58.4618454	17.555373890722255
58.47134399	14.619993225409557
58.48084641	20.33735756664516
58.490345	13.796689281134753
58.49984741	19.20180028824919
58.50934601	17.03289520711214
58.51885605	18.259349964390946
58.52835464	18.752120325805144
58.53785706	12.894739552516086
58.54735947	19.266473286731937
58.55685806	12.54797633163751
58.56636047	19.780937790268244
58.57585907	19.326199099523784
58.58536148	16.19988310539284
58.59486008	14.145999437105173
58.60436249	12.713209097541352
58.6138649	18.077200859137452
58.62336349	10.536575084514588
58.63286591	12.168182059764906
58.6423645	12.242177912340889
58.65186691	10.053143097013377
58.66136551	11.194284165482268
58.67086792	5.832719711013764
58.68037033	6.674292606132708
58.68986893	4.5146979265941045
58.69937134	12.217491888169338
58.70886993	7.359402014621453
58.71837234	8.665758168070141
58.72787094	7.32156309971402
58.73737335	8.984884837185
58.74687576	13.629945122518606
58.75637436	11.849839323400154
58.76587677	8.344636066207013
58.77537537	10.399889026094144
58.78487778	7.241358078282548
58.79438019	10.453072043163727
58.80387878	11.108622983689777
58.8133812	7.360194906773392
58.82287979	4.661807464747513
58.8323822	6.768063607399339
58.8418808	8.875775277410995
58.85138321	9.84189258337432
58.86088562	4.066334759181338
58.87038422	6.166867546425702
58.87988663	11.887392212125267
58.88938522	5.2474892355495175
58.89888763	9.004977929308275
58.90838623	10.562160766338042
58.91788864	11.89961739320557
58.92739487	14.383957870531685
58.93689728	15.475806397655035
58.94639969	12.37661875053471
58.95589828	11.797875537755425
58.9654007	14.325285905859271
58.97489929	23.753197398785
58.9844017	20.572827730697185
58.9939003	25.148027346293283
59.00340271	30.49359738136616
59.01290512	39.23734695996704
59.02240372	44.02967800963786
59.03190613	54.169201242019554
59.04140472	60.188698401211944
59.05090714	70.77150261113611
59.06040573	80.41353689868988
59.06990814	78.72277489537134
59.07941055	77.28657508657375
59.08890915	79.32152175959231
59.09841156	67.01227731718
59.10791016	60.10627875817862
59.11741257	52.42325476186543
59.12691116	52.933918116009764
59.13641357	47.0143588799861
59.14591599	40.920553016128544
59.15541458	40.41331355052065
59.16491699	42.72918508698187
59.17441559	46.471735813144605
59.183918	46.490775542473195
59.1934166	55.46172300835842
59.20291901	59.10144801833422
59.21242142	65.05565080379843
59.22192001	72.7063462210439
59.23142242	73.63801517942431
59.24092102	79.73498514170583
59.25042343	79.24759229990238
59.25992584	76.42919153251572
59.26942444	74.2355871191013
59.27892685	72.866873106246
59.28842545	65.22707199620504
59.29792786	52.06448685968522
59.30742645	47.70619329975828
59.31692886	44.1543148596046
59.32643127	34.454464496620375
59.33592987	33.01931542216279
59.34543991	28.9951163485219
59.35493851	24.22975567487738
59.36444092	27.87248182656547
59.37393951	22.31306468420759
59.38344193	23.400902415550547
59.39294052	25.500551332693767
59.40244293	27.0866605379627
59.41194534	28.44323458517775
59.42144394	30.396855042714193
59.43094635	32.22925460949789
59.44044495	26.058594697727507
59.44994736	25.41254770751678
59.45944595	26.71877576875849
59.46894836	27.71954566750659
59.47845078	18.492387468233833
59.48794937	20.754956351993165
59.49745178	15.205112097942564
59.50695038	18.844934258862356
59.51645279	20.55576354662918
59.52595139	21.58689626225837
59.5354538	22.96939497874546
59.54495621	30.732865336971177
59.5544548	35.51486546534489
59.56395721	43.08972261185599
59.57345581	50.52792044842145
59.58295822	58.34250506846971
59.59245682	56.535603504891355
59.60195923	62.88071978537882
59.61146164	60.02696276819563
59.62096024	61.83883935872026
59.63046265	50.4396179066708
59.63996124	43.000814907211875
59.64946365	42.738639503621336
59.65896606	38.0643268222573
59.66846466	29.000143584791306
59.67796707	27.281724167533795
59.68746567	27.292272853238075
59.69696808	27.45586147397939
59.70646667	22.17992636611926
59.71596909	26.74816311887207
59.7254715	25.592111690393054
59.73497009	33.04497152248989
59.7444725	36.64231909978044
59.75397873	38.612829109971344
59.76348114	42.331324745450644
59.77297974	45.04052655089369
59.78248215	47.652714217526785
59.79198074	48.487177870468194
59.80148315	51.41783662043986
59.81098557	47.337304263997524
59.82048416	53.71851522338339
59.82998657	56.971297441814194
59.83948517	64.50609763951346
59.84898758	70.11778490669333
59.85848618	70.0651643578141
59.86798859	73.5540442266436
59.877491	64.91068332125683
59.88698959	61.75813706960219
59.896492	57.394858612820016
59.9059906	59.368401950545866
59.91549301	56.70341373222129
59.92499161	55.45400627379733
59.93449402	56.35440249698742
59.94399643	60.14694671480826
59.95349503	62.317768313698
59.96299744	70.39315247909964
59.97249603	74.5683891699126
59.98199844	73.3073577314433
59.99149704	76.90213426037998
60.00099945	76.43775554042081
60.01050186	72.45167339650939
60.02000046	65.18611520732078
60.02950287	59.662814250340475
60.03900146	55.55884918606152
60.04850388	54.267977335762
60.05800247	45.748613355536655
60.06750488	37.808827883092256
60.07700729	36.1469866498017
60.08650589	32.95210222141032
60.0960083	33.28666822313053
60.1055069	32.989904573208946
60.11500931	39.89824546622759
60.12451172	41.376473230260245
60.13401031	36.74805796449671
60.14351273	41.53791352179775
60.15301132	37.07566028940469
60.16251373	39.95419717289011
60.17201996	32.56110458396147
60.18152237	33.844469896219096
60.19102097	29.937547417957255
60.20052338	24.146616753068322
60.21002197	24.887767806485027
60.21952438	18.98876316626687
60.22902679	23.460358386701962
60.23852539	19.960445182720004
60.2480278	15.621089358548318
60.2575264	21.711836995271003
60.26702881	24.70595110884386
60.27653122	20.44297252946832
60.28602982	26.953085823006298
60.29553223	34.785334263017
60.30503082	40.821215432631305
60.31453323	51.60780364302685
60.32403183	59.65071815127025
60.33353424	72.45272439646453
60.34303665	94.58785944229528
60.35253525	119.01178944643664
60.36203766	140.498611551855
60.37153625	160.77444093797155
60.38103867	177.0104173540769
60.39053726	189.67104310345178
60.40003967	195.40590260629185
60.40954208	188.58460141603163
60.41904068	170.81605798357617
60.42854309	149.12110373905546
60.43804169	126.10509496338875
60.4475441	109.70783811934209
60.45704269	91.03043122537197
60.4665451	79.89372973487099
60.47604752	64.1796840797752
60.48554611	67.23410133782465
60.49504852	63.34729498251992
60.50454712	74.12045733726109
60.51404953	80.40591453583795
60.52355194	91.7671032829146
60.53305054	110.29929284700547
60.54255295	122.23593957419355
60.55205154	132.68542357438113
60.56155396	141.2260454915819
60.57105255	140.4995540652543
60.58056259	127.63830370917131
60.59006119	116.22316782852285
60.5995636	103.20860037623873
60.60906219	90.28934820368846
60.61856461	78.67670649385313
60.62806702	65.00089692886876
60.63756561	54.75115834776509
60.64706802	50.35867699678525
60.65656662	49.94994953388293
60.66606903	49.51279860342451
60.67557144	52.16003653926169
60.68507004	56.49932583102073
60.69457245	65.95593080689821
60.70407104	74.98506814014597
60.71357346	85.69476037350334
60.72307205	100.0739155441166
60.73257446	104.44261308975459
60.74207687	104.39993158537686
60.75157547	112.30375155091052
60.76107788	108.93438829914638
60.77057648	107.59786367495747
60.78007889	94.70321972355826
60.78957748	85.13935790869986
60.7990799	76.75336228157346
60.80858231	61.42547490788645
60.8180809	54.747823921247054
60.82758331	46.40025031788182
60.83708191	41.46978400406659
60.84658432	40.978202414617876
60.85608292	39.753638250015015
60.86558533	39.469198749981466
60.87508774	47.96802431415495
60.88458633	45.24902379541356
60.89408875	47.1903660655244
60.90358734	52.560547081353235
60.91308975	52.431513787338794
60.92258835	52.94267266564654
60.93209076	52.023414809298885
60.94159317	46.55052252336904
60.95109177	46.32847498339048
60.96059418	39.83547315297909
60.97009277	37.131000982614886
60.97959518	28.7445080953031
60.9890976	23.85307787519949
60.99860382	21.76260559441034
61.00810242	16.001439299133054
61.01760483	20.252298849944065
61.02710724	19.569851054917127
61.03660583	15.599070982042251
61.04610825	17.27699722039621
61.05560684	13.246551431527635
61.06510925	14.125972561411508
61.07460785	16.896689986802674
61.08411026	13.681593251319061
61.09361267	17.515289501184956
61.10311127	18.359473968284007
61.11261368	25.604096481397598
61.12211227	30.896854567789845
61.13161469	36.18272261883534
61.1411171	39.247698539247025
61.15061569	40.91196651238645
61.1601181	45.74023052635066
61.1696167	45.59136718226026
61.17911911	46.599117305943274
61.18861771	45.72398421299976
61.19812012	42.14145444349151
61.20762253	33.65243901286933
61.21712112	29.86772466681169
61.22662354	30.633117612176683
61.23612213	28.03268175937481
61.24562454	24.06594206058
61.25512314	24.998532819424263
61.26462555	33.30544289152703
61.27412796	37.58083072480985
61.28362656	39.98480811254662
61.29312897	47.63042194850726
61.30262756	59.6513529802545
61.31212997	68.16260391886807
61.32162857	83.36262278322535
61.33113098	88.78468705199558
61.34063339	103.88425288109028
61.35013199	108.81293691736958
61.3596344	108.08210530990398
61.369133	109.95682183760458
61.37863541	111.82499993477673
61.388134	116.92045792040106
61.39763641	108.6303446675869
61.40713882	109.4595719451954
61.41664505	103.84246457191209
61.42614746	94.82694603866992
61.43564606	82.71326263190196
61.44514847	72.51205631777506
61.45464706	65.95268581542632
61.46414948	64.89072881992651
61.47364807	53.70904212649074
61.48315048	55.852232908635145
61.49265289	53.140281296493484
61.50215149	54.92888764277669
61.5116539	63.4216641981103
61.5211525	64.97239994351783
61.53065491	59.51029323818835
61.5401535	58.8857822934249
61.54965591	59.54913462962566
61.55915833	59.30791158152206
61.56865692	62.467439263286074
61.57815933	56.319180141314604
61.58765793	49.623223797551006
61.59716034	51.65267331324442
61.60666275	42.00911064825713
61.61616135	39.06635286977668
61.62566376	34.48269110459774
61.63516235	24.063803342152696
61.64466476	21.866713863606343
61.65416336	19.880899154947407
61.66366577	18.407078815601572
61.67316818	17.828388018914843
61.68266678	15.904881949941533
61.69216919	14.312518975576605
61.70166779	12.69460560722527
61.7111702	11.19603120263055
61.72066879	9.256786773318721
61.7301712	13.58129941992065
61.73967361	12.888033191810983
61.74917221	14.430326981639839
61.75867462	12.699335498019792
61.76817322	14.338338150848383
61.77767563	17.004353154840693
61.78717422	14.109510419303966
61.79667664	20.533585943028953
61.80617905	25.475032724627365
61.81567764	31.139065596796453
61.82518768	34.514601408020475
61.83468628	35.66868239965979
61.84418869	42.89087858796762
61.85368729	47.31547168167751
61.8631897	50.52575506551656
61.87268829	46.60502262188804
61.8821907	43.4688514791791
61.89169312	45.49265222175531
61.90119171	36.531434237708496
61.91069412	34.701843697780404
61.92019272	28.103365131604107
61.92969513	23.44124881612199
61.93919373	21.193289502763413
61.94869614	22.95933500879156
61.95819855	19.254803772425266
61.96769714	15.549106560300133
61.97719955	20.170981949798254
61.98669815	23.498925974437718
61.99620056	22.170311724456695
62.00570297	26.883305805614278
62.01520157	28.41296425109963
62.02470398	32.479890751644405
62.03420258	41.4072913320733
62.04370499	40.89811063364613
62.05320358	41.63517789296508
62.06270599	44.5254243498654
62.0722084	54.648379196715666
62.081707	55.743535645775935
62.09120941	60.53011270845237
62.10070801	60.24081867673701
62.11021042	62.4311473743446
62.11970901	67.77496983154406
62.12921143	65.39840301723825
62.13871384	65.36425948516602
62.14821243	53.66551723175913
62.15771484	49.12942224245796
62.16721344	48.463239152426254
62.17671585	47.41577207533972
62.18621445	43.54967195437102
62.19571686	39.296898984556854
62.20521927	43.166808721196176
62.21471786	42.878047380410095
62.22422028	40.653647849590804
62.23371887	37.88430020200086
62.24322891	39.531223900916004
62.25272751	45.21914257699407
62.26222992	44.66697016444064
62.27172852	49.01886093388562
62.28123093	54.45160299072016
62.29073334	54.2326689862511
62.3002243	62.99256697733023
62.30972672	70.64449079542919
62.31922913	79.09782783872012
62.32872772	87.04177551551308
62.33823013	97.72428376659147
62.34773636	102.34454459433793
62.35723877	116.58038438967908
62.36673737	118.33507824421139
62.37623978	117.17239408937141
62.38573837	110.65049335576902
62.39524078	97.68114347132473
62.40473938	90.2138454686763
62.41424179	75.15477459354844
62.4237442	61.24070881728518
62.4332428	56.663043734644006
62.44274521	42.27542082429166
62.4522438	42.08060943758714
62.46174622	39.53021849360065
62.47124863	41.82010061513758
62.48074722	43.49663919407715
62.49024963	49.266545023880965
62.49974823	59.77981973701563
62.50925064	74.24841681161772
62.51874924	85.3545703912459
62.52825165	92.57906802317667
62.53775406	110.06875783078833
62.54725266	116.02469208502892
62.55675507	120.85608557607853
62.56625366	123.97120332583778
62.57575607	113.97011422293905
62.58525467	107.45981488864946
62.59475708	101.14398762532029
62.60425949	89.82425805715557
62.61375809	77.91515985413304
62.6232605	61.76752645024818
62.63275909	60.324824490851064
62.64226151	48.98300115213184
62.6517601	45.070935413302216
62.66126251	38.822821598123
62.67076492	33.91832232540838
62.68026352	36.964573885155744
62.68976593	34.02650562412052
62.69926453	32.9393189387533
62.70876694	39.19980096222063
62.71826553	43.9640243096215
62.72776794	47.68663010975367
62.73727036	46.80062299149849
62.74676895	46.227564396645285
62.75627899	44.2230837419603
62.76577759	46.23696687938976
62.77528	39.75225874734216
62.78477859	38.077447562539106
62.79428101	35.305647003397404
62.8037796	25.852420492963766
62.81328201	22.505310991445967
62.82278442	21.915032418476855
62.83228302	21.158996455406754
62.84178543	18.616953854017865
62.85128403	17.696463781427788
62.86078644	14.315358112394282
62.87028885	10.577598028589955
62.87978745	8.437146742950354
62.88928986	10.113168515920883
62.89878845	7.670626639397584
62.90829086	5.505472727492116
62.91778946	11.155009387029423
62.92729187	9.327668525033314
62.93679428	7.782606030357705
62.94629288	6.992917137323821
62.95579529	11.09442729793741
62.96529388	10.431435965331326
62.9747963	4.644472533299563
62.98429489	6.11434725957108
62.9937973	4.097659344040496
63.00329971	10.05057750320311
63.01279831	8.724048046211816
63.02230072	4.990235040818826
63.03179932	10.261599169720396
63.04130173	4.00055469636348
63.05080032	11.239796904285654
63.06030273	8.880283747721798
63.06980515	10.393663446126848
63.07930374	9.809000352748587
63.08880615	9.28301989954927
63.09830475	8.627102522458376
63.10780716	5.523103721561082
63.11730576	10.026879383207758
63.12680817	10.655606086027916
63.13631058	5.606455680289195
63.14580917	6.98786246589963
63.15531158	10.460770706414875
63.16481018	11.935761308644107
63.17432022	14.36575908037398
63.18381882	9.962215264318928
63.19332123	11.896964702850877
63.20281982	10.678265654483273
63.21232224	12.477109617935888
63.22182465	12.354855550438716
63.23132324	14.144874225154053
63.24082565	17.76708526944302
63.25032425	16.007836941642093
63.25982666	12.344880752747768
63.26932526	15.622349222335773
63.27882767	13.030638197567928
63.28833008	14.804899166714808
63.29782867	10.80451077850526
63.30733109	15.421479565147582
63.31682968	13.129127847686508
63.32633209	16.691516347385097
63.3358345	11.101245691725893
63.3453331	15.42709474732801
63.35483551	16.533223913141455
63.36433411	20.533241849224503
63.37383652	23.67078866881502
63.38333511	27.617779893486038
63.39283752	33.97414914006191
63.40233994	39.924207689787266
63.41183853	42.325013429280446
63.42134094	55.70379283859565
63.43083954	73.91118051795166
63.44034195	86.31651148273586
63.44984055	102.67009147155048
63.45934296	125.559346681817
63.46884537	136.9180727394728
63.47834396	150.4542326605345
63.48784637	157.5886515132511
63.49734497	156.08196321032173
63.50684738	149.9040188281474
63.51634598	137.31955571925084
63.52584839	120.54057134171707
63.5353508	104.73466545078635
63.5448494	87.77816048758955
63.55435181	76.67252392604985
63.5638504	76.97106990907425
63.57335281	67.95552234056126
63.58285904	71.37530451219233
63.59236145	77.19586206591163
63.60186005	77.32771181288913
63.61136246	83.63467656811571
63.62086487	89.93920663228013
63.63036346	102.88303579306866
63.63986588	106.5972207894625
63.64936447	122.86868708487074
63.65886688	134.11429080082465
63.66836548	138.73481222529838
63.67786789	150.95566316925866
63.6873703	160.44111420000064
63.6968689	176.97458567038194
63.70637131	193.35523077793204
63.7158699	212.67664559919388
63.72537231	233.43624184154964
63.73487091	245.3410774967851
63.74437332	243.47570788662554
63.75387573	240.933411721135
63.76337433	227.19407528554717
63.77287674	200.27949404568014
63.78237534	178.79927310508114
63.79187775	146.29886293428663
63.80138016	123.12054876990277
63.81087875	103.16699172931456
63.82038116	86.28984935603948
63.82987976	73.1373934155258
63.83938217	65.25246156186459
63.84888077	68.26480370966668
63.85838318	65.13784891068768
63.86788559	77.62769470494932
63.87738419	81.03756536516286
63.8868866	94.7758656014136
63.89638519	105.79621202029753
63.9058876	117.74208113239565
63.9153862	123.6560622023619
63.92488861	120.98214128049109
63.93439102	124.09032419627333
63.94388962	116.04748173589411
63.95339203	107.86230674607411
63.96289062	96.30177798702422
63.97239304	88.4256120617622
63.98189163	81.1971118017386
63.99139404	71.96800725482525
64.00090027	74.49396935458556
64.01039886	72.0878344092724
64.01990509	73.92272871713065
64.02940369	73.75605559982253
64.03890228	81.60477485176159
64.04840851	75.80394246371084
64.0579071	76.09862078818446
64.0674057	73.8552684173324
64.07691193	73.55526473974902
64.08641052	74.92524996439514
64.09590912	69.75425531897567
64.10540771	67.46404016936475
64.11491394	70.37961610696733
64.12441254	65.22005045355024
64.13391113	67.06418848688195
64.14341736	62.78343044635679
64.15291595	55.84821876409379
64.16241455	52.952100718664184
64.17191315	53.334955476588824
64.18141937	52.73172656842013
64.19091797	54.92643110618697
64.20041656	50.58793998270519
64.20992279	51.99765982412175
64.21942139	55.831644604812276
64.22891998	51.35848933993917
64.23841858	55.442695572998744
64.2479248	55.599830342417995
64.2574234	47.29413259749723
64.266922	50.80227053575308
64.27642822	41.89850764341372
64.28592682	44.70993061723576
64.29542542	38.93338225082623
64.30492401	41.029614302382576
64.31443024	38.345475131330645
64.32392883	38.00381781789577
64.33342743	32.07422196183003
64.34293365	35.6802788387911
64.35243225	31.53736573678053
64.36193085	25.568756933109356
64.37142944	23.66689320254222
64.38093567	27.12086648554833
64.39043427	24.79094388577775
64.39993286	28.065426930292332
64.40943909	26.71460099214276
64.41894531	28.264974440817554
64.42844391	31.723230291662368
64.4379425	26.398983963374608
64.44744873	33.11382730207989
64.45694733	34.242030569341644
64.46644592	32.327348391164804
64.47594452	30.744980895448112
64.48545074	31.391128890728744
64.49494934	30.322545481171446
64.50444794	25.686564686432213
64.51395416	24.280378150014982
64.52345276	21.140518171048072
64.53295135	18.565759982604327
64.54245758	20.636612879431368
64.55195618	18.734638335400497
64.56145477	16.090434916081637
64.57095337	14.597470863199817
64.58045959	19.535034238681344
64.58995819	14.510048002374447
64.59945679	14.249629313382407
64.60896301	20.52923239426339
64.61846161	24.091675254631575
64.62796021	22.572936875223746
64.6374588	22.58201848870718
64.64696503	25.977111652631844
64.65646362	28.226326992394753
64.66596222	34.741034640144306
64.67546844	35.16585195310297
64.68496704	32.34679643627394
64.69446564	30.716572139692115
64.70396423	28.549695415899645
64.71347046	30.578277317041355
64.72296906	30.77947909743196
64.73246765	23.37211287038652
64.74197388	28.053548636254604
64.75147247	23.895801131505223
64.76097107	27.945443453735606
64.77046967	23.180903428217196
64.77997589	28.512158619582657
64.78947449	32.08287295464744
64.79897308	36.384200880682286
64.80847931	38.90229910240116
64.81797791	38.57821450800521
64.82748413	42.950477304855056
64.83698273	48.840253908588295
64.84648895	52.458537013690766
64.85598755	52.498246626969774
64.86548615	51.74120310331119
64.87498474	48.209479638598296
64.88449097	49.767876469566524
64.89398956	47.85565109788385
64.90348816	44.17885211630969
64.91299438	40.54995231299249
64.92249298	40.21368078579924
64.93199158	39.498148081689884
64.9414978	41.72972959720181
64.9509964	42.64423719398222
64.960495	52.67716906860992
64.96999359	61.10577525823461
64.97949982	68.17399576056125
64.98899841	86.8283546545621
64.99849701	106.10948211955272
65.00800323	135.24785898559148
65.01750183	159.82416222040598
65.02700043	190.91890632545127
65.03649902	213.08350740804605
65.04600525	243.95907370758044
65.05550385	264.0420989018301
65.06500244	273.66868373537636
65.07450867	272.56041614825654
65.08400726	267.09374590796847
65.09350586	239.09494685157685
65.10300446	214.16973033054825
65.11251068	188.67676698780463
65.12200928	158.66586913653214
65.13150787	131.25569852006006
65.1410141	112.80298009647225
65.1505127	95.02809703997099
65.16001129	82.61932138276657
65.16950989	80.39046108285095
65.17901611	77.46499035594881
65.18851471	85.20672562276013
65.19801331	90.29998641010559
65.20751953	98.74389371487422
65.21701813	115.47465190609363
65.22651672	127.74641233776015
65.23601532	136.24606223405166
65.24552917	136.1962690003107
65.25502777	138.00118669879916
65.26452637	132.94728266598585
65.27402496	128.78108374901342
65.28353119	109.26946274821972
65.29302979	94.70057226107195
65.30252838	80.11020781343375
65.31203461	65.55011805756754
65.3215332	53.646178077714794
65.3310318	46.54067361751429
65.3405304	38.76439073678826
65.35003662	26.98402968128834
65.35953522	22.83433785957872
65.36903381	17.701496632694536
65.37854004	19.417421184147013
65.38803864	13.670427159714956
65.39753723	15.506432050672469
65.40704346	14.371179038081149
65.41654205	12.772431089301936
65.42604065	13.344605423067492
65.43553925	15.987670470378408
65.44504547	15.615295532771293
65.45454407	10.66744842223196
65.46404266	13.1179952835916
65.47354889	18.585259307739737
65.48304749	20.205414271103443
65.49254608	17.47063356338455
65.50204468	20.20287039344712
65.5115509	17.70835827142323
65.5210495	23.970347471097792
65.5305481	25.51073182096555
65.54005432	24.94476736286992
65.54955292	19.869623120690502
65.55905151	24.01633063934618
65.56855011	20.033492989003257
65.57805634	19.022115144684037
65.58755493	16.14036026545881
65.59705353	19.902576584668626
65.60655975	15.71853051199249
65.61605835	14.484095863066194
65.62555695	16.90908361301063
65.63505554	17.193886198532823
65.64456177	12.826580393591295
65.65406799	21.14194336701991
65.66356659	21.08350910234219
65.67306519	20.83622128486257
65.68257141	23.170453158040576
65.69207001	27.76871244391607
65.7015686	37.455801555491774
65.71107483	43.4894101584302
65.72057343	57.540336092117755
65.73007202	65.10089498804753
65.73957062	76.41960055129663
65.74907684	98.47059086994557
65.75857544	114.51806525510402
65.76807404	127.98512965865196
65.77758026	135.59024653090142
65.78707886	145.13828243172682
65.79657745	149.0387265022006
65.80608368	138.99863878531627
65.81558228	135.10196732603944
65.82508087	119.2552553076397
65.83457947	107.08861278686808
65.84408569	92.91413113539711
65.85358429	75.47086483848742
65.86308289	63.515108223016945
65.87258911	52.814958131612315
65.88208771	49.38150734315561
65.8915863	47.338521987544034
65.9010849	40.4583693187835
65.91059113	43.25528418371041
65.92008972	48.32269549078978
65.92958832	56.3490841024968
65.93909454	63.71736800792248
65.94859314	67.90703880347425
65.95809174	75.49764323707701
65.96759033	78.92366985157426
65.97709656	79.55579965961908
65.98659515	84.4646881994325
65.99609375	78.53208336491645
66.00559998	73.90244189679541
66.01509857	67.37237580481357
66.02459717	62.18171228309527
66.03409576	52.87507903502232
66.04360199	46.41167925750871
66.05310059	38.94790419713817
66.06259918	30.724063155886128
66.07210541	21.118540175946915
66.08161163	22.095388198533236
66.09111023	18.19534964930285
66.10060883	14.844810049407517
66.11011505	14.512692531556503
66.11961365	12.282181587202905
66.12911224	13.171029105276808
66.13861084	11.766501696459436
66.14811707	15.333458031166018
66.15761566	11.808392702075079
66.16711426	15.289800975378057
66.17662048	10.04503237284736
66.18611908	10.928591538953818
66.19561768	10.322834750454078
66.20511627	15.111795153348908
66.2146225	9.423932210078348
66.22412109	13.918594755625769
66.23361969	13.595429981195899
66.24312592	6.546000318177378
66.25262451	9.675118333859249
66.26212311	7.211586127455249
66.27162933	11.175852769224427
66.28112793	11.852661703543165
66.29062653	9.113736745120683
66.30012512	8.654942365929278
66.30963135	5.03507205263338
66.31912994	10.701193880469884
66.32862854	10.047659584395173
66.33813477	5.5413457130296715
66.34763336	7.967270915103804
66.35713196	12.460676696939846
66.36663055	11.808215992898393
66.37613678	6.777767738289925
66.38563538	13.45732824292524
66.39513397	8.642762924600056
66.4046402	16.829103310760992
66.41413879	16.688729950671192
66.42363739	18.600073431173044
66.43313599	18.117931398425718
66.44264221	23.03590402459127
66.45214081	29.675246364742442
66.4616394	33.48254222783463
66.47114563	35.510232961282846
66.48065186	36.49123602226079
66.49015045	44.28823834026214
66.49964905	41.710506038143194
66.50915527	42.724803850008094
66.51865387	43.63595091426964
66.52815247	44.06530808546657
66.53765106	45.83810423164083
66.54715729	46.299924735430906
66.55665588	38.14606599902817
66.56615448	36.62843172806669
66.57566071	32.97472761478252
66.5851593	37.45796476805101
66.5946579	30.295060682069945
66.60415649	32.41915809803434
66.61366272	32.314530141866314
66.62316132	34.95302266002288
66.63265991	43.169891716574796
66.64216614	51.52382874314872
66.65166473	55.29539184756524
66.66116333	64.91183277854023
66.67066193	67.54574194966051
66.68016815	73.03022282400016
66.68966675	74.06124297668273
66.69916534	84.40312857183115
66.70867157	85.56984526632439
66.71817017	83.52104749227634
66.72766876	83.76156444153912
66.73717499	88.68140564340844
66.74667358	87.11697169854722
66.75617218	78.9044282300818
66.76567078	71.24611915805139
66.775177	65.43151144430634
66.7846756	60.33011181247123
66.79417419	56.53414885392007
66.80368042	50.38782130460072
66.81317902	41.40022136134186
66.82267761	43.72673664862901
66.83217621	35.87973737981816
66.84168243	39.08153411434957
66.85118103	40.11764923158975
66.86067963	35.93279989732949
66.87018585	40.07140853645874
66.87968445	35.25046743359182
66.88918304	41.8897422170549
66.89868927	42.64607515152426
66.9081955	37.127514443979706
66.91769409	38.854899980427874
66.92719269	41.017975562514565
66.93669128	39.59264276018672
66.94619751	35.79304925353471
66.95569611	38.25789833501326
66.9651947	32.20647143934081
66.97470093	29.4595506058644
66.98419952	29.51266243125292
66.99369812	28.24878093501278
67.00319672	23.439391204767162
67.01270294	22.251998110893737
67.02220154	17.212309534098587
67.03170013	20.377738179242904
67.04120636	14.644364592890117
67.05070496	18.71392611386382
67.06020355	14.130076206282423
67.06970215	20.88211490827075
67.07920837	15.217712535228305
67.08870697	20.257096929187714
67.09820557	27.95623351178717
67.10771179	28.375186630503418
67.11721039	32.27188274335407
67.12670898	40.12722397755841
67.13621521	49.50648024966128
67.14571381	53.316172374784365
67.1552124	66.25049918070722
67.164711	75.18293000908682
67.17421722	82.33602928318705
67.18371582	93.5950960283707
67.19321442	97.90387282081817
67.20272064	103.87751223818358
67.21221924	115.53652367892755
67.22171783	118.78320507987063
67.23121643	126.42989187808139
67.24072266	132.43589212283183
67.25022125	132.4807716731309
67.25971985	134.25601388856163
67.26922607	129.93358530356016
67.27872467	123.61578124759234
67.28822327	117.5435852747614
67.29772186	114.23767970064605
67.30723572	110.33410938784816
67.31673431	104.8768628091045
67.32623291	103.62981523669421
67.33573151	109.64694979354569
67.34523773	111.32016983105112
67.35473633	116.34383241104291
67.36423492	114.23727196964843
67.37374115	112.00602201542601
67.38323975	108.23644239440262
67.39273834	101.89978705454621
67.40223694	100.4529391451247
67.41174316	96.11650652570083
67.42124176	93.24203408736047
67.43074036	96.56899649476023
67.44024658	95.0524875330133
67.44974518	90.7063280617167
67.45924377	81.69156747272439
67.46874237	78.92669144889884
67.4782486	74.22536880813153
67.48774719	64.63503700073639
67.49724579	60.17189688092339
67.50675201	56.10297480710371
67.51625061	50.19014750547402
67.52574921	51.20448026746088
67.5352478	50.74564391200957
67.54475403	45.70391455885174
67.55425262	47.787742697052586
67.56375122	45.39044236446426
67.57325745	39.939058325875166
67.58275604	38.964052996792745
67.59225464	31.102445880882676
67.60176086	29.64830955070832
67.61125946	27.019300280711747
67.62075806	24.753396846419037
67.63025665	20.549850607638806
67.63976288	18.74209803478044
67.64926147	23.364214798118592
67.65876007	18.8827055363092
67.6682663	18.043961868453643
67.67776489	22.30467509236581
67.68726349	21.445521028930905
67.69676208	22.226303573665305
67.70626831	24.23220169699296
67.71576691	28.003526485836936
67.72527313	29.914413871291515
67.73477173	37.2281857611477
67.74427795	41.349869958755406
67.75377655	43.838282328489555
67.76327515	41.5630236189858
67.77278137	47.51371744758217
67.78227997	46.3717617484996
67.79177856	42.7212939610985
67.80127716	40.69317135199079
67.81078339	43.29278433294026
67.82028198	42.34046449848206
67.82978058	41.41918331390531
67.8392868	49.807124548647245
67.8487854	59.82685518760475
67.858284	63.25204001653383
67.86778259	76.99405060384849
67.87728882	87.52046078321797
67.88678741	99.54787607688422
67.89628601	111.4378272990381
67.90579224	115.68527513868621
67.91529083	117.91260661036915
67.92478943	118.60187369565801
67.93428802	122.83788366839129
67.94379425	121.21134198020945
67.95329285	127.32306769002722
67.96279144	132.9590739158535
67.97229767	136.86536449624373
67.98179626	145.89960672948047
67.99129486	152.7392567071414
68.00079346	168.18924111608007
68.01029968	174.4627743608488
68.01979828	184.7587568264615
68.02929688	188.7393557947615
68.0388031	188.41427627025269
68.0483017	181.6911883011184
68.05780029	165.31946553251646
68.06730652	155.96853573374727
68.07680511	139.83042793223012
68.08630371	125.59975417736302
68.09580231	110.82718106206104
68.10530853	101.86715776883531
68.11480713	87.86805493340196
68.12430573	80.61673703220931
68.13381195	73.75024322889534
68.14331818	73.74040385940182
68.15281677	68.52576404538436
68.16231537	70.96168020900562
68.17182159	72.93230311387767
68.18132019	77.6201949088395
68.19081879	83.86444691541605
68.20031738	86.88242264421997
68.20982361	92.83003030544383
68.2193222	97.71088725712076
68.2288208	94.0555050340766
68.23832703	85.63700845238897
68.24782562	75.48858285937325
68.25732422	71.26376980998278
68.26682281	55.26483316328115
68.27632904	48.344489239688606
68.28582764	37.03887308143106
68.29532623	34.61268941553974
68.30483246	24.000661607526226
68.31433105	24.941056516511377
68.32382965	18.406430386730335
68.33332825	19.270054978609082
68.34283447	14.915101302859432
68.35233307	20.23651418745943
68.36183167	16.303165837448816
68.37133789	23.353128413208292
68.38083649	23.564208354952267
68.39033508	24.62964594022126
68.39983368	27.32743628632113
68.4093399	31.851581309935867
68.4188385	38.199865664074466
68.4283371	42.289395277078164
68.43784332	47.43980025881503
68.44734192	53.066164835505255
68.45684052	53.00439111850065
68.46634674	53.98930103833228
68.47584534	54.70588225134564
68.48534393	44.931628973821475
68.49484253	40.45163492887867
68.50434875	43.44979206493573
68.51384735	36.75991623309146
68.52334595	30.896542909809675
68.53285217	30.432010211245824
68.54235077	22.481336501778934
68.55185699	17.441508554650948
68.56135559	15.964275463649336
68.57086182	23.314376809687428
68.58036041	23.337911301253126
68.58985901	17.538680216722305
68.5993576	26.902188757185574
68.60886383	29.23402982448176
68.61836243	29.99458997867472
68.62786102	31.626491080821673
68.63736725	34.17178889621236
68.64686584	37.373780687643546
68.65636444	36.5107037823616
68.66586304	44.372961255503625
68.67536926	43.10448058924231
68.68486786	42.23874586991543
68.69436646	39.64061855421492
68.70387268	30.528667650525435
68.71337128	32.889442940734604
68.72286987	24.623508888051852
68.73236847	20.15609024129845
68.74187469	21.516390690010795
68.75137329	15.070678979869971
68.76087189	17.15096300183002
68.77037811	15.49683133708329
68.77987671	16.577838588691428
68.78937531	9.47217524185318
68.7988739	12.237227585557598
68.80838013	15.489578019066457
68.81787872	14.821417251006213
68.82737732	17.871252901800542
68.83688354	18.56230932823737
68.84638214	17.602346623639654
68.85588074	20.912471043097156
68.86537933	23.08877305782934
68.87488556	21.745235707959907
68.88438416	19.290700365613286
68.89388275	16.25063940859884
68.90338898	19.984015376389568
68.91288757	17.091470944003742
68.92238617	13.649553311185382
68.9318924	15.918129644296016
68.94139099	8.753174006542173
68.95088959	10.881193853200667
68.96038818	8.522837246151152
68.96990204	8.597838790761688
68.97940063	12.54731639836032
68.98889923	10.989713456584914
68.99839783	5.548750067927017
69.00790405	10.107117187106871
69.01740265	5.985229999989422
69.02690125	7.479957155648809
69.03640747	8.373903304727433
69.04590607	9.230191122626373
69.05540466	9.37342157932203
69.06490326	9.632187891493057
69.07440948	8.846966304623049
69.08390808	9.578208409955907
69.09340668	8.285076994958764
69.1029129	12.486421142192807
69.1124115	11.466117628314244
69.1219101	8.968824055748584
69.13140869	13.774924173701187
69.14091492	10.189278011752286
69.15041351	7.9064359790151535
69.15991211	7.787681769255919
69.16941833	7.741677089029448
69.17891693	14.53090876206019
69.18841553	7.052593890290108
69.19791412	11.661442747327637
69.20742035	14.637267487009789
69.21691895	9.607789207662785
69.22641754	9.420019436725253
69.23592377	16.146411429583367
69.24542236	18.22511909428931
69.25492096	16.33495222028498
69.26441956	21.992659195008173
69.27392578	24.832987667753972
69.28342438	23.819360775156632
69.29292297	31.14667813252816
69.3024292	38.93473580315082
69.3119278	50.73669830235873
69.32142639	61.16661572327533
69.33093262	74.35280328740214
69.34043121	92.45977028954397
69.34992981	102.92903677518869
69.35942841	110.54686295822682
69.36893463	117.4262274829859
69.37844086	122.99969249219308
69.38793945	121.4615325293933
69.39743805	110.64566133160318
69.40694427	109.38862820928873
69.41644287	95.33152632215815
69.42594147	90.43071360611299
69.43544769	81.36401086789022
69.44494629	69.69572015037875
69.45444489	65.0781871731576
69.46394348	62.48726018014405
69.47344971	58.89666106257346
69.4829483	58.11393098361158
69.4924469	52.93196934435546
69.50195312	57.96704348005833
69.51145172	53.86824917483768
69.52095032	63.34253287799604
69.53044891	71.00398847408239
69.53995514	72.79403362578411
69.54945374	82.23913384187327
69.55895233	82.31754719546458
69.56845856	88.07912589410873
69.57795715	92.49386089120561
69.58745575	97.33466220341518
69.59695435	99.40891138360048
69.60646057	108.45847744182946
69.61595917	119.43912133224372
69.62545776	122.61301056897557
69.63496399	133.25540889181877
69.64446259	142.09115025883497
69.65396118	142.1496459589546
69.66345978	144.9361603624774
69.672966	132.74413865857795
69.6824646	119.38748488664785
69.6919632	108.86125792560168
69.70146942	88.90412536370349
69.71096802	79.55933442288618
69.72046661	68.32603600712795
69.72996521	56.50989428132789
69.73947144	49.19738857941083
69.74897003	46.75498933773403
69.75846863	39.6165230670978
69.76797485	37.58678456600238
69.77747345	41.20982975706116
69.78697205	46.586398894326855
69.79647827	60.077427138822024
69.8059845	74.84100321635688
69.81548309	85.5033744261919
69.82498169	105.63126967030725
69.83448792	117.81503453925777
69.84398651	134.13542176462056
69.85348511	151.4932861764345
69.8629837	155.27098572215345
69.87248993	155.12563479292885
69.88198853	142.10687956868142
69.89148712	133.7718295468902
69.90099335	117.59866945954823
69.91049194	99.89366798266498
69.91999054	87.5515034462591
69.92948914	70.09935411388287
69.93899536	60.264368963859056
69.94849396	49.63722118175935
69.95799255	47.7222788374614
69.96749878	42.316802903393935
69.97699738	35.85918887445909
69.98649597	40.58390980569877
69.99599457	41.88365873171625
70.00550079	45.93187502774746
70.01499939	49.83310512393368
70.02449799	52.90167229863367
70.03400421	58.589284011395094
70.04350281	69.93567798726698
70.0530014	72.43115566665182
70.0625	81.22517030817822
70.07200623	78.83928553110276
70.08150482	83.4691018273238
70.09100342	85.38428846114293
70.10050964	84.07810735674398
70.11000824	79.97981601949108
70.11950684	75.99960635577574
70.12900543	69.4734069715847
70.13851166	59.28680631677988
70.14801025	52.5933153853154
70.15750885	46.82153488027816
70.16701508	40.08045222619348
70.17651367	31.021496330995976
70.18601227	26.410638052480937
70.19551086	27.25512619943474
70.20502472	21.336575298493024
70.21452332	26.875538858949035
70.22402191	25.957729355732162
70.23352814	22.481678524817124
70.24302673	22.9684968058208
70.25252533	25.622229612577698
70.26202393	21.81963333336268
70.27153015	25.984869126355925
70.28102875	26.91704931642161
70.29052734	27.991306272608263
70.30003357	31.297576965704103
70.30953217	29.52398060710331
70.31903076	29.28077134035561
70.32852936	29.747153585702062
70.33803558	29.5332888641788
70.34753418	22.4954187926116
70.35703278	25.29170339730348
70.366539	17.64661246365306
70.3760376	19.058620748828176
70.38553619	14.329409495074033
70.39503479	17.255179695676183
70.40454102	15.587302943526023
70.41403961	16.52060264904744
70.42353821	16.840553112813847
70.43304443	17.616540392691945
70.44254303	22.055897062414385
70.45204163	22.81749741180346
70.46154022	29.95574200956425
70.47104645	24.81481513276345
70.48054504	26.41125949873712
70.49004364	30.298765618589876
70.49954987	29.380946920750077
70.50904846	35.00945064079223
70.51854706	32.31422284388926
70.52804565	39.26983852319396
70.53755188	42.8914378349764
70.54705048	42.584576115961454
70.55654907	47.34723246754629
70.5660553	51.881470693846005
70.57555389	50.7584860101898
70.58505249	56.20069298139551
70.59455109	59.16512706639101
70.60405731	56.96824014992115
70.61355591	61.287948478214254
70.62306213	60.65188021301563
70.63256836	54.38492033504991
70.64206696	58.05464856144058
70.65156555	62.047015093803005
70.66106415	66.0374286213199
70.67057037	78.17952583633948
70.68006897	87.00498850603236
70.68956757	105.73109499275974
70.69907379	118.4938758716874
70.70857239	133.4610345199956
70.71807098	144.55770292301983
70.72756958	158.85318764042154
70.73707581	155.06909433103405
70.7465744	155.70906194259499
70.756073	147.42790192053408
70.76557922	129.98226478782237
70.77507782	120.10346088552255
70.78457642	108.03305404167443
70.79407501	97.39402563389793
70.80358124	97.7930923222323
70.81307983	89.82597601496407
70.82257843	90.8253172580772
70.83208466	96.33619993252599
70.84158325	104.1393082052194
70.85108185	115.45859672467529
70.86058044	133.01928859133716
70.87008667	154.40072250332932
70.87958527	163.20764755117182
70.88908386	180.3281855652477
70.89859009	188.2567104634224
70.90808868	188.89871496799014
70.91758728	185.11209939494563
70.92708588	174.01273270564738
70.9365921	154.7228813084023
70.9460907	135.87699011077015
70.95558929	122.96200233609076
70.96509552	101.35030294416956
70.97459412	81.48066030791972
70.98409271	71.01089856325345
70.99359131	57.51638478351822
71.00309753	50.343658152089624
71.01259613	44.47148355736991
71.02209473	48.50752956367238
71.03160095	44.820200203649804
71.04110718	50.29225967826979
71.05060577	54.10197909742761
71.06010437	55.71483804955996
71.0696106	68.63485134354958
71.07910919	72.43450144945383
71.08860779	76.73585444289814
71.09811401	78.27556598096915
71.10761261	73.30983115245058
71.11711121	65.59831976644607
71.1266098	60.45673176267988
71.13611603	53.642641492250405
71.14561462	42.667496177640864
71.15511322	40.51340618402856
71.16461945	26.91798797940411
71.17411804	25.898483864841957
71.18361664	18.083997054985286
71.19311523	17.701641291871116
71.20262146	14.551998986520232
71.21212006	13.80952618911487
71.22161865	10.464846812703943
71.23112488	15.227417144059096
71.24062347	14.289258928750401
71.25012207	8.889402378626855
71.25962067	11.466353314754794
71.26912689	14.32217542697757
71.27862549	15.5682227608852
71.28812408	8.959577232177356
71.29763031	16.222876391651063
71.30712891	10.652102206604303
71.3166275	15.765106313802285
71.3261261	17.381575554319788
71.33563232	23.998164064683333
71.34513092	28.65383447216113
71.35462952	31.215019854845824
71.36413574	38.238153194011005
71.37363434	40.556637684677625
71.38313293	51.79699528921223
71.39263153	53.7912041031165
71.40213776	54.88824893585138
71.41163635	56.15738436164525
71.42113495	55.15893803655181
71.43064117	48.98794916482546
71.44013977	49.48924693389903
71.449646	37.489379681033576
71.45914459	31.908904830238242
71.46865082	29.116600989780952
71.47814941	19.902643757489344
71.48764801	22.831520682514714
71.49715424	17.76186358477464
71.50665283	14.968918260761622
71.51615143	12.898749561242614
71.52565002	17.28972392805226
71.53515625	13.673185448242373
71.54465485	19.12249263563512
71.55415344	18.72908302736736
71.56365967	21.524724449302244
71.57315826	29.04597929409243
71.58265686	30.88858267600231
71.59215546	35.251167138068595
71.60166168	31.25308929981869
71.61116028	38.28057934897748
71.62065887	37.054716447626774
71.6301651	32.11895922025084
71.6396637	36.0427462382297
71.64916229	26.49872560379768
71.65866089	31.125834694713326
71.66816711	27.635876410471806
71.67766571	26.256028642077084
71.68716431	25.692606169059054
71.69667053	29.412026303458823
71.70616913	41.036749933393544
71.71566772	41.58307410459642
71.72516632	52.7454258387684
71.73467255	53.42845766550957
71.74417114	63.73676109087373
71.75366974	68.22874766063742
71.76317596	69.01705081276101
71.77267456	66.01603407321248
71.78217316	63.75876230017879
71.79167175	57.53285495610202
71.80117798	48.144551079428396
71.81067657	43.17407595363409
71.82017517	33.96299533050143
71.8296814	29.410938384111088
71.83917999	26.43068716387731
71.84867859	26.20375051339104
71.85817719	23.1015081484843
71.86769104	21.795570330808257
71.87718964	21.334968800665465
71.88668823	22.16870639074537
71.89619446	19.395255172610064
71.90569305	25.848543147542895
71.91519165	28.795777473893935
71.92469025	25.43808499037017
71.93419647	28.710945445360423
71.94369507	31.620787743439838
71.95319366	36.02326386241034
71.96269989	38.797810277912596
71.97219849	34.82955162371344
71.98169708	36.08971154240763
71.99119568	35.044893380237035
72.0007019	27.711537061070253
72.0102005	26.5705574388734
72.0196991	21.982458225676833
72.02920532	25.46557129640896
72.03870392	18.554560695587554
72.04820251	17.457666388538303
72.05770111	15.091309886863385
72.06720734	17.703417069216734
72.07670593	14.037231289465993
72.08620453	11.792732915446226
72.09571075	11.634838395836177
72.10520935	18.96152276231925
72.11470795	14.202089349170366
72.12420654	17.300731484439513
72.13371277	17.522134335745992
72.14321136	20.261968192465
72.15270996	21.648728849561667
72.16221619	27.424796161965926
72.17171478	24.451288058446828
72.18121338	29.134712963278915
72.19071198	28.485302900700617
72.2002182	25.34056320140859
72.2097168	27.941048210872907
72.21921539	33.0198126902075
72.22872162	35.01424837922297
72.23822021	35.0213658835293
72.24771881	42.326582878800615
72.25721741	46.13170551570028
72.26672363	49.562307893660865
72.27622986	51.18877702795133
72.28572845	52.64877752152823
72.29523468	48.415418035967164
72.30473328	52.834033701683694
72.31423187	56.23084268756583
72.32373047	61.73924831432933
72.33323669	68.18239707113221
72.34273529	69.00610103310069
72.35223389	70.47731479261083
72.36174011	73.19775132750921
72.37123871	78.48176030982161
72.3807373	71.73155978646207
72.3902359	64.64484656515835
72.39974213	53.385096589162956